[{"model": "admin.logentry", "pk": 1, "fields": {"action_time": "2024-04-28T09:30:19.131Z", "user": 3, "content_type": 4, "object_id": "1", "object_repr": "testuser", "action_flag": 3, "change_message": ""}}, {"model": "admin.logentry", "pk": 2, "fields": {"action_time": "2024-04-28T10:15:55.179Z", "user": 3, "content_type": 9, "object_id": "b8ed477a-e182-4394-b6e7-88d114d3e03c", "object_repr": "Viet An", "action_flag": 1, "change_message": "[{\"added\": {}}]"}}, {"model": "admin.logentry", "pk": 3, "fields": {"action_time": "2024-04-28T10:16:08.760Z", "user": 3, "content_type": 13, "object_id": "79aca22c-66cd-4964-812a-e9c6af38098b", "object_repr": "Menu object (79aca22c-66cd-4964-812a-e9c6af38098b)", "action_flag": 1, "change_message": "[{\"added\": {}}]"}}, {"model": "admin.logentry", "pk": 4, "fields": {"action_time": "2024-04-28T10:17:12.649Z", "user": 3, "content_type": 10, "object_id": "ea24d0e4-1400-48c0-a165-1fe2a96272a0", "object_repr": "Translation object (ea24d0e4-1400-48c0-a165-1fe2a96272a0)", "action_flag": 1, "change_message": "[{\"added\": {}}]"}}, {"model": "admin.logentry", "pk": 5, "fields": {"action_time": "2024-04-28T10:17:20.835Z", "user": 3, "content_type": 10, "object_id": "d69921ca-8e6d-4610-aa38-9eea126c8cb6", "object_repr": "Translation object (d69921ca-8e6d-4610-aa38-9eea126c8cb6)", "action_flag": 1, "change_message": "[{\"added\": {}}]"}}, {"model": "admin.logentry", "pk": 6, "fields": {"action_time": "2024-04-28T10:21:40.803Z", "user": 3, "content_type": 15, "object_id": "c7decc5c-8a1c-4b3d-8f44-2fe7796b3bb8", "object_repr": "Category object (c7decc5c-8a1c-4b3d-8f44-2fe7796b3bb8)", "action_flag": 1, "change_message": "[{\"added\": {}}]"}}, {"model": "admin.logentry", "pk": 7, "fields": {"action_time": "2024-04-28T10:22:03.226Z", "user": 3, "content_type": 15, "object_id": "4419c107-3f23-469f-ad24-d6b0ddbac4cb", "object_repr": "Category object (4419c107-3f23-469f-ad24-d6b0ddbac4cb)", "action_flag": 1, "change_message": "[{\"added\": {}}]"}}, {"model": "admin.logentry", "pk": 8, "fields": {"action_time": "2024-04-28T10:22:11.238Z", "user": 3, "content_type": 15, "object_id": "767167f5-7ecd-484f-abf7-9b5ca23f2ed3", "object_repr": "Category object (767167f5-7ecd-484f-abf7-9b5ca23f2ed3)", "action_flag": 1, "change_message": "[{\"added\": {}}]"}}, {"model": "admin.logentry", "pk": 9, "fields": {"action_time": "2024-04-28T10:37:52.620Z", "user": 3, "content_type": 14, "object_id": "102fdc70-9024-4b75-a957-0f341b01ec2e", "object_repr": "Summer Rolls", "action_flag": 1, "change_message": "[{\"added\": {}}]"}}, {"model": "admin.logentry", "pk": 10, "fields": {"action_time": "2024-04-28T10:40:25.649Z", "user": 3, "content_type": 14, "object_id": "fde3f89f-20ed-4e28-9f8f-c3d17d2a1380", "object_repr": "Vegetarian Summerr Rolls", "action_flag": 1, "change_message": "[{\"added\": {}}]"}}, {"model": "admin.logentry", "pk": 11, "fields": {"action_time": "2024-04-28T10:41:42.272Z", "user": 3, "content_type": 14, "object_id": "b664c1b7-87e3-40ad-8d57-387fdb730d8b", "object_repr": "Square Crab Spring Rolls", "action_flag": 1, "change_message": "[{\"added\": {}}]"}}, {"model": "admin.logentry", "pk": 12, "fields": {"action_time": "2024-04-28T10:42:40.984Z", "user": 3, "content_type": 14, "object_id": "26405bc1-e425-44e5-a511-928181d5800e", "object_repr": "Crispy Spring Rolls", "action_flag": 1, "change_message": "[{\"added\": {}}]"}}, {"model": "admin.logentry", "pk": 13, "fields": {"action_time": "2024-04-28T10:43:24.981Z", "user": 3, "content_type": 14, "object_id": "989138e6-0832-4c29-9994-967b9e2d31dd", "object_repr": "Vegetarian Spring Rolls", "action_flag": 1, "change_message": "[{\"added\": {}}]"}}, {"model": "admin.logentry", "pk": 14, "fields": {"action_time": "2024-04-28T10:52:27.450Z", "user": 3, "content_type": 14, "object_id": "3d35deab-131e-4d19-88d3-a509b0088605", "object_repr": "Prawn and Sweet Potato Fritters", "action_flag": 1, "change_message": "[{\"added\": {}}]"}}, {"model": "admin.logentry", "pk": 15, "fields": {"action_time": "2024-04-28T10:53:29.404Z", "user": 3, "content_type": 14, "object_id": "9573a573-80ca-4c6a-8a8c-878042546c78", "object_repr": "Salt &  Pepper Chicken Wings", "action_flag": 1, "change_message": "[{\"added\": {}}]"}}, {"model": "admin.logentry", "pk": 16, "fields": {"action_time": "2024-04-28T10:54:40.317Z", "user": 3, "content_type": 14, "object_id": "85d224f7-f06a-425c-bdf7-65a5f3afda6b", "object_repr": "Papaya Sallad", "action_flag": 1, "change_message": "[{\"added\": {}}]"}}, {"model": "admin.logentry", "pk": 17, "fields": {"action_time": "2024-04-28T10:56:03.999Z", "user": 3, "content_type": 14, "object_id": "25a546cd-2e44-4ff5-88e9-efaf2a90d898", "object_repr": "Vietnamese Baguette", "action_flag": 1, "change_message": "[{\"added\": {}}]"}}, {"model": "admin.logentry", "pk": 18, "fields": {"action_time": "2024-04-28T10:57:40.733Z", "user": 3, "content_type": 14, "object_id": "523eb828-9677-4f22-9d11-a6a7b75d12fc", "object_repr": "Chargrilled Pork Baguette", "action_flag": 1, "change_message": "[{\"added\": {}}]"}}, {"model": "admin.logentry", "pk": 19, "fields": {"action_time": "2024-04-28T10:59:43.296Z", "user": 3, "content_type": 14, "object_id": "c4e39ed0-77df-4100-845f-f6f20d3c6e4a", "object_repr": "Grilled Chicken Baguette", "action_flag": 1, "change_message": "[{\"added\": {}}]"}}, {"model": "admin.logentry", "pk": 20, "fields": {"action_time": "2024-04-28T11:02:09.171Z", "user": 3, "content_type": 14, "object_id": "f32328ab-4c37-4932-a211-b964dd87e370", "object_repr": "Vietnamese Pork Sausage and Fried Egg Baguette", "action_flag": 1, "change_message": "[{\"added\": {}}]"}}, {"model": "admin.logentry", "pk": 21, "fields": {"action_time": "2024-04-28T11:03:59.101Z", "user": 3, "content_type": 14, "object_id": "6a005aa9-6ad0-42be-bc4f-9bb1f88b5688", "object_repr": "Steak Baguette", "action_flag": 1, "change_message": "[{\"added\": {}}]"}}, {"model": "admin.logentry", "pk": 22, "fields": {"action_time": "2024-04-28T11:07:46.971Z", "user": 3, "content_type": 14, "object_id": "259d21ae-2630-4b62-b933-a115bf95e598", "object_repr": "Vegetarian Baguette", "action_flag": 1, "change_message": "[{\"added\": {}}]"}}, {"model": "admin.logentry", "pk": 23, "fields": {"action_time": "2024-04-28T11:09:34.530Z", "user": 3, "content_type": 18, "object_id": "7526d175-4cf5-4ede-b568-eaa3458dfa27", "object_repr": "RICE", "action_flag": 1, "change_message": "[{\"added\": {}}]"}}, {"model": "admin.logentry", "pk": 24, "fields": {"action_time": "2024-04-28T11:09:45.230Z", "user": 3, "content_type": 18, "object_id": "ab5c5b89-d506-4c44-aaad-f171b3b3ac2d", "object_repr": "RICE NOODLE SOUP", "action_flag": 1, "change_message": "[{\"added\": {}}]"}}, {"model": "admin.logentry", "pk": 25, "fields": {"action_time": "2024-04-28T11:10:27.400Z", "user": 3, "content_type": 18, "object_id": "8d6222df-6a5c-44b1-b929-cf04ea98a983", "object_repr": "VERMICELLI NOODLES", "action_flag": 1, "change_message": "[{\"added\": {}}]"}}, {"model": "admin.logentry", "pk": 26, "fields": {"action_time": "2024-04-28T13:51:03.726Z", "user": 3, "content_type": 14, "object_id": "9f6fc5ce-e357-4a67-90c8-08827d6c7677", "object_repr": "Ginger Chicken Rice", "action_flag": 1, "change_message": "[{\"added\": {}}]"}}, {"model": "admin.logentry", "pk": 27, "fields": {"action_time": "2024-04-28T13:54:08.126Z", "user": 3, "content_type": 14, "object_id": "ebf18027-e3b4-4423-9ebc-ba84949bf019", "object_repr": "Chargrilled Pork Rice", "action_flag": 1, "change_message": "[{\"added\": {}}]"}}, {"model": "admin.logentry", "pk": 28, "fields": {"action_time": "2024-04-28T13:57:24.184Z", "user": 3, "content_type": 14, "object_id": "15311de4-4177-4b3d-aa65-5e91335ce106", "object_repr": "Vegetarian Soup", "action_flag": 1, "change_message": "[{\"added\": {}}]"}}, {"model": "admin.logentry", "pk": 29, "fields": {"action_time": "2024-04-28T13:59:30.802Z", "user": 3, "content_type": 14, "object_id": "5d8e5d4e-292e-4be1-a09f-e9341dd94273", "object_repr": "Beef Brisket Soup", "action_flag": 1, "change_message": "[{\"added\": {}}]"}}, {"model": "admin.logentry", "pk": 30, "fields": {"action_time": "2024-04-28T14:00:51.070Z", "user": 3, "content_type": 14, "object_id": "8233fe77-a66b-42f5-88ea-881ef1c1bd1f", "object_repr": "Medium Rare Steak Soup", "action_flag": 1, "change_message": "[{\"added\": {}}]"}}, {"model": "admin.logentry", "pk": 31, "fields": {"action_time": "2024-04-28T14:02:20.143Z", "user": 3, "content_type": 14, "object_id": "01f679d2-f933-480c-bc70-9e036a963f5f", "object_repr": "Short Beef Rib Soup", "action_flag": 1, "change_message": "[{\"added\": {}}]"}}, {"model": "admin.logentry", "pk": 32, "fields": {"action_time": "2024-04-28T14:03:37.870Z", "user": 3, "content_type": 14, "object_id": "d8d3b2a4-f3b0-45c6-8e1e-0a84b4abadd8", "object_repr": "Oxtail and Rib Soup", "action_flag": 1, "change_message": "[{\"added\": {}}]"}}, {"model": "admin.logentry", "pk": 33, "fields": {"action_time": "2024-04-28T14:04:59.374Z", "user": 3, "content_type": 14, "object_id": "54cdc53a-9a7e-47a9-9320-658b452a2888", "object_repr": "Beef Combo Soup", "action_flag": 1, "change_message": "[{\"added\": {}}]"}}, {"model": "admin.logentry", "pk": 34, "fields": {"action_time": "2024-04-28T14:05:47.264Z", "user": 3, "content_type": 14, "object_id": "d9daef93-9fe5-43be-a89f-0c351087ad5d", "object_repr": "Chicken Pho Soup", "action_flag": 1, "change_message": "[{\"added\": {}}]"}}, {"model": "admin.logentry", "pk": 35, "fields": {"action_time": "2024-04-28T14:08:31.953Z", "user": 3, "content_type": 14, "object_id": "34922cdf-82eb-4333-bce2-6822e8cc4fc6", "object_repr": "Chargrilled Pork", "action_flag": 1, "change_message": "[{\"added\": {}}]"}}, {"model": "admin.logentry", "pk": 36, "fields": {"action_time": "2024-04-28T14:09:46.338Z", "user": 3, "content_type": 14, "object_id": "6a216e2e-6145-4429-9f18-90445e463876", "object_repr": "Crispy Spring Rolls", "action_flag": 1, "change_message": "[{\"added\": {}}]"}}, {"model": "admin.logentry", "pk": 37, "fields": {"action_time": "2024-04-28T14:11:07.645Z", "user": 3, "content_type": 14, "object_id": "e22f2421-baa2-4bd5-a61f-d036b1b7eeb4", "object_repr": "Square Crab Spring Rolls", "action_flag": 1, "change_message": "[{\"added\": {}}]"}}, {"model": "admin.logentry", "pk": 38, "fields": {"action_time": "2024-04-28T14:12:35.824Z", "user": 3, "content_type": 14, "object_id": "f83a024a-9c41-4bda-a6a0-94f7bb86f469", "object_repr": "Vegetarian Spring Rolls", "action_flag": 1, "change_message": "[{\"added\": {}}]"}}, {"model": "admin.logentry", "pk": 39, "fields": {"action_time": "2024-04-28T14:15:23.996Z", "user": 3, "content_type": 16, "object_id": "44125486-a06a-448e-bb25-0ee56be98f57", "object_repr": "Chargrilled Pork or Crispy Spring Roll", "action_flag": 1, "change_message": "[{\"added\": {}}]"}}, {"model": "admin.logentry", "pk": 40, "fields": {"action_time": "2024-04-28T14:16:12.212Z", "user": 3, "content_type": 16, "object_id": "4659c2c4-38ec-415a-b387-6107baef2094", "object_repr": "Square Crab Spring Roll", "action_flag": 1, "change_message": "[{\"added\": {}}]"}}, {"model": "admin.logentry", "pk": 41, "fields": {"action_time": "2024-04-28T14:17:10.673Z", "user": 3, "content_type": 16, "object_id": "5c8229e9-f16f-4d03-90b7-ce984316f377", "object_repr": "Vegetarian Spring Rolls", "action_flag": 1, "change_message": "[{\"added\": {}}]"}}, {"model": "admin.logentry", "pk": 42, "fields": {"action_time": "2024-04-28T14:18:33.052Z", "user": 3, "content_type": 14, "object_id": "881c7586-cba2-4ee3-bf2d-e2c0822afd87", "object_repr": "Vanilla Ice Cream", "action_flag": 1, "change_message": "[{\"added\": {}}]"}}, {"model": "admin.logentry", "pk": 43, "fields": {"action_time": "2024-04-28T14:19:38.245Z", "user": 3, "content_type": 14, "object_id": "1a669740-5f3b-4a89-a05d-4f2b81445d8c", "object_repr": "Vietnamese Fruit Cocktail", "action_flag": 1, "change_message": "[{\"added\": {}}]"}}, {"model": "admin.logentry", "pk": 44, "fields": {"action_time": "2024-04-28T14:21:02.999Z", "user": 3, "content_type": 14, "object_id": "026f8139-4887-4716-8a8f-4db1acc59e98", "object_repr": "Banana Fritters", "action_flag": 1, "change_message": "[{\"added\": {}}]"}}, {"model": "admin.logentry", "pk": 45, "fields": {"action_time": "2024-04-28T14:48:57.809Z", "user": 3, "content_type": 15, "object_id": "c7decc5c-8a1c-4b3d-8f44-2fe7796b3bb8", "object_repr": "SMALL BITES", "action_flag": 2, "change_message": "[{\"changed\": {\"fields\": [\"Filter code\"]}}]"}}, {"model": "admin.logentry", "pk": 46, "fields": {"action_time": "2024-04-28T14:49:05.505Z", "user": 3, "content_type": 15, "object_id": "767167f5-7ecd-484f-abf7-9b5ca23f2ed3", "object_repr": "DESSERTS", "action_flag": 2, "change_message": "[{\"changed\": {\"fields\": [\"Filter code\"]}}]"}}, {"model": "admin.logentry", "pk": 47, "fields": {"action_time": "2024-04-28T14:49:12.524Z", "user": 3, "content_type": 15, "object_id": "4419c107-3f23-469f-ad24-d6b0ddbac4cb", "object_repr": "MAINS", "action_flag": 2, "change_message": "[{\"changed\": {\"fields\": [\"Filter code\"]}}]"}}, {"model": "admin.logentry", "pk": 48, "fields": {"action_time": "2024-04-30T08:50:53.150Z", "user": 3, "content_type": 9, "object_id": "b8ed477a-e182-4394-b6e7-88d114d3e03c", "object_repr": "Viet An", "action_flag": 2, "change_message": "[{\"changed\": {\"fields\": [\"Email\"]}}]"}}, {"model": "admin.logentry", "pk": 49, "fields": {"action_time": "2024-04-30T10:34:49.150Z", "user": 3, "content_type": 8, "object_id": "94c94cba-1a94-4496-a0be-de5e5ce77ac9", "object_repr": "MyTable object (94c94cba-1a94-4496-a0be-de5e5ce77ac9)", "action_flag": 1, "change_message": "[{\"added\": {}}]"}}, {"model": "admin.logentry", "pk": 50, "fields": {"action_time": "2024-04-30T10:34:56.424Z", "user": 3, "content_type": 8, "object_id": "a66512d5-3890-4367-bca3-9f3442ca3675", "object_repr": "MyTable object (a66512d5-3890-4367-bca3-9f3442ca3675)", "action_flag": 1, "change_message": "[{\"added\": {}}]"}}, {"model": "admin.logentry", "pk": 51, "fields": {"action_time": "2024-04-30T10:36:05.613Z", "user": 3, "content_type": 8, "object_id": "e7185c20-cd9b-44f3-871e-95745f420a92", "object_repr": "3", "action_flag": 1, "change_message": "[{\"added\": {}}]"}}, {"model": "admin.logentry", "pk": 52, "fields": {"action_time": "2024-04-30T10:36:12.769Z", "user": 3, "content_type": 8, "object_id": "77e8a4bb-70cd-49b6-896f-5b4bfe6011cd", "object_repr": "4", "action_flag": 1, "change_message": "[{\"added\": {}}]"}}, {"model": "admin.logentry", "pk": 53, "fields": {"action_time": "2024-04-30T10:36:25.374Z", "user": 3, "content_type": 8, "object_id": "dc12d87f-a319-413c-9ede-14a368828c25", "object_repr": "5", "action_flag": 1, "change_message": "[{\"added\": {}}]"}}, {"model": "admin.logentry", "pk": 54, "fields": {"action_time": "2024-04-30T10:36:32.977Z", "user": 3, "content_type": 8, "object_id": "d1bab56d-aecd-4e01-92f1-6a026a405aa4", "object_repr": "6", "action_flag": 1, "change_message": "[{\"added\": {}}]"}}, {"model": "admin.logentry", "pk": 55, "fields": {"action_time": "2024-04-30T10:36:42.874Z", "user": 3, "content_type": 8, "object_id": "d1bab56d-aecd-4e01-92f1-6a026a405aa4", "object_repr": "6", "action_flag": 3, "change_message": ""}}, {"model": "admin.logentry", "pk": 56, "fields": {"action_time": "2024-04-30T13:36:36.390Z", "user": 3, "content_type": 8, "object_id": "dc12d87f-a319-413c-9ede-14a368828c25", "object_repr": "MyTable object (dc12d87f-a319-413c-9ede-14a368828c25)", "action_flag": 2, "change_message": "[{\"changed\": {\"fields\": [\"Capacity\"]}}]"}}, {"model": "admin.logentry", "pk": 57, "fields": {"action_time": "2024-04-30T13:36:41.346Z", "user": 3, "content_type": 8, "object_id": "e7185c20-cd9b-44f3-871e-95745f420a92", "object_repr": "MyTable object (e7185c20-cd9b-44f3-871e-95745f420a92)", "action_flag": 2, "change_message": "[{\"changed\": {\"fields\": [\"Capacity\"]}}]"}}, {"model": "admin.logentry", "pk": 58, "fields": {"action_time": "2024-04-30T13:36:47.075Z", "user": 3, "content_type": 8, "object_id": "a66512d5-3890-4367-bca3-9f3442ca3675", "object_repr": "MyTable object (a66512d5-3890-4367-bca3-9f3442ca3675)", "action_flag": 2, "change_message": "[{\"changed\": {\"fields\": [\"Capacity\"]}}]"}}, {"model": "admin.logentry", "pk": 59, "fields": {"action_time": "2024-04-30T13:36:51.254Z", "user": 3, "content_type": 8, "object_id": "94c94cba-1a94-4496-a0be-de5e5ce77ac9", "object_repr": "MyTable object (94c94cba-1a94-4496-a0be-de5e5ce77ac9)", "action_flag": 2, "change_message": "[{\"changed\": {\"fields\": [\"Capacity\"]}}]"}}, {"model": "admin.logentry", "pk": 60, "fields": {"action_time": "2024-04-30T13:36:55.202Z", "user": 3, "content_type": 8, "object_id": "77e8a4bb-70cd-49b6-896f-5b4bfe6011cd", "object_repr": "MyTable object (77e8a4bb-70cd-49b6-896f-5b4bfe6011cd)", "action_flag": 2, "change_message": "[{\"changed\": {\"fields\": [\"Capacity\"]}}]"}}, {"model": "admin.logentry", "pk": 61, "fields": {"action_time": "2024-05-01T04:16:08.073Z", "user": 3, "content_type": 12, "object_id": "fd32814b-d067-4c9c-b23b-7af913fe69c6", "object_repr": "61088acb-d6a0-4457-8d01-455ae431648e", "action_flag": 3, "change_message": ""}}, {"model": "admin.logentry", "pk": 62, "fields": {"action_time": "2024-05-01T04:16:08.081Z", "user": 3, "content_type": 12, "object_id": "fc6c9385-9bf4-4576-8c00-d2370c52340b", "object_repr": "1c879048-83e7-4b1f-a754-0fae5b3730c9", "action_flag": 3, "change_message": ""}}, {"model": "admin.logentry", "pk": 63, "fields": {"action_time": "2024-05-01T04:16:08.084Z", "user": 3, "content_type": 12, "object_id": "f6fd062f-4633-4598-9961-73d7fbb7b53b", "object_repr": "e950cc0b-e896-4ce9-9ac0-53c0844f705e", "action_flag": 3, "change_message": ""}}, {"model": "admin.logentry", "pk": 64, "fields": {"action_time": "2024-05-01T04:16:08.085Z", "user": 3, "content_type": 12, "object_id": "f443964f-0d8e-4e2c-834c-acb9a870b706", "object_repr": "eacab504-383a-4f46-8a18-9acea4a865fe", "action_flag": 3, "change_message": ""}}, {"model": "admin.logentry", "pk": 65, "fields": {"action_time": "2024-05-01T04:16:08.088Z", "user": 3, "content_type": 12, "object_id": "e848ce01-434e-45f7-9687-ef6cadebb76a", "object_repr": "eacab504-383a-4f46-8a18-9acea4a865fe", "action_flag": 3, "change_message": ""}}, {"model": "admin.logentry", "pk": 66, "fields": {"action_time": "2024-05-01T04:16:08.091Z", "user": 3, "content_type": 12, "object_id": "d4f4fcd2-d2a4-4e37-848f-624d0050fcf3", "object_repr": "ecfd8870-4400-4ba9-9808-c95f4fb8e3a1", "action_flag": 3, "change_message": ""}}, {"model": "admin.logentry", "pk": 67, "fields": {"action_time": "2024-05-01T04:16:08.093Z", "user": 3, "content_type": 12, "object_id": "c7466774-1abd-4ac9-ba92-208fc87abdee", "object_repr": "ecfd8870-4400-4ba9-9808-c95f4fb8e3a1", "action_flag": 3, "change_message": ""}}, {"model": "admin.logentry", "pk": 68, "fields": {"action_time": "2024-05-01T04:16:08.095Z", "user": 3, "content_type": 12, "object_id": "bb97c71a-5a14-4e68-bdd1-a255fba84eee", "object_repr": "21b8e7f1-4fd9-48ae-ad94-ffb313482e4d", "action_flag": 3, "change_message": ""}}, {"model": "admin.logentry", "pk": 69, "fields": {"action_time": "2024-05-01T04:16:08.098Z", "user": 3, "content_type": 12, "object_id": "b9a633e9-4616-4180-b6b0-c3e621176620", "object_repr": "08b90b52-a54a-4e5b-b316-732a041afbd1", "action_flag": 3, "change_message": ""}}, {"model": "admin.logentry", "pk": 70, "fields": {"action_time": "2024-05-01T04:16:08.102Z", "user": 3, "content_type": 12, "object_id": "a2059e10-0848-4c05-8b70-a5f2d01945e1", "object_repr": "0563b06a-6225-40ec-9fe7-487577370d60", "action_flag": 3, "change_message": ""}}, {"model": "admin.logentry", "pk": 71, "fields": {"action_time": "2024-05-01T04:16:08.104Z", "user": 3, "content_type": 12, "object_id": "9b054c15-ffb8-4d79-ae0f-d530174feef7", "object_repr": "b5bfe58a-7703-419b-a3ca-e6c2fd14f8c0", "action_flag": 3, "change_message": ""}}, {"model": "admin.logentry", "pk": 72, "fields": {"action_time": "2024-05-01T04:16:08.107Z", "user": 3, "content_type": 12, "object_id": "927790da-3c9a-44ae-a31c-eb68b5522a0f", "object_repr": "eacab504-383a-4f46-8a18-9acea4a865fe", "action_flag": 3, "change_message": ""}}, {"model": "admin.logentry", "pk": 73, "fields": {"action_time": "2024-05-01T04:16:08.109Z", "user": 3, "content_type": 12, "object_id": "8ca93d23-71e6-4965-978e-f7fa1b8a04d9", "object_repr": "59bbc253-e7c2-421a-9e90-950625354b02", "action_flag": 3, "change_message": ""}}, {"model": "admin.logentry", "pk": 74, "fields": {"action_time": "2024-05-01T04:16:08.111Z", "user": 3, "content_type": 12, "object_id": "7687b336-17eb-494f-ad41-12c8969dc027", "object_repr": "6cb912e7-a70f-4335-90ff-ccf18565e4ff", "action_flag": 3, "change_message": ""}}, {"model": "admin.logentry", "pk": 75, "fields": {"action_time": "2024-05-01T04:16:08.113Z", "user": 3, "content_type": 12, "object_id": "645efb4f-5ddd-4dce-b29e-77ca4ec1bde3", "object_repr": "aeda478a-706d-4c7a-929a-cf8daf2baf22", "action_flag": 3, "change_message": ""}}, {"model": "admin.logentry", "pk": 76, "fields": {"action_time": "2024-05-01T04:16:08.117Z", "user": 3, "content_type": 12, "object_id": "61a70892-3855-4ae2-95a9-773ead9bac3a", "object_repr": "0154ffec-94e4-4bc9-9bcb-2baf9f7d7cb3", "action_flag": 3, "change_message": ""}}, {"model": "admin.logentry", "pk": 77, "fields": {"action_time": "2024-05-01T04:16:08.119Z", "user": 3, "content_type": 12, "object_id": "5685eb4a-9f83-4bcf-b325-2d36cdc5c584", "object_repr": "1a0fd738-efdb-45f2-8dab-32cb61e0c1de", "action_flag": 3, "change_message": ""}}, {"model": "admin.logentry", "pk": 78, "fields": {"action_time": "2024-05-01T04:16:08.122Z", "user": 3, "content_type": 12, "object_id": "5025bc69-6424-4772-a1d4-d2655d350087", "object_repr": "4814f29f-c4b0-4bfb-a134-1312e8d7bb51", "action_flag": 3, "change_message": ""}}, {"model": "admin.logentry", "pk": 79, "fields": {"action_time": "2024-05-01T04:16:08.124Z", "user": 3, "content_type": 12, "object_id": "4abc3c7f-0725-4ed2-8e9a-ac2d26da4628", "object_repr": "73aff5c7-e859-497b-8568-c2e6f7238f3f", "action_flag": 3, "change_message": ""}}, {"model": "admin.logentry", "pk": 80, "fields": {"action_time": "2024-05-01T04:16:08.126Z", "user": 3, "content_type": 12, "object_id": "4a240fb6-2388-4615-88a3-66cb4e938db1", "object_repr": "1c879048-83e7-4b1f-a754-0fae5b3730c9", "action_flag": 3, "change_message": ""}}, {"model": "admin.logentry", "pk": 81, "fields": {"action_time": "2024-05-01T04:16:08.128Z", "user": 3, "content_type": 12, "object_id": "4570a1b7-f16b-4102-bfce-f7a4ff9ca0a1", "object_repr": "e336f7b8-5fcc-4077-b74b-0cbe9c83fbda", "action_flag": 3, "change_message": ""}}, {"model": "admin.logentry", "pk": 82, "fields": {"action_time": "2024-05-01T04:16:08.130Z", "user": 3, "content_type": 12, "object_id": "37cd828f-bed9-4715-b601-fc1dcf710409", "object_repr": "ad898275-6fe7-4a00-ae9f-ee7e1ae3ca65", "action_flag": 3, "change_message": ""}}, {"model": "admin.logentry", "pk": 83, "fields": {"action_time": "2024-05-01T04:16:08.133Z", "user": 3, "content_type": 12, "object_id": "33cbb902-d6f3-4b62-ae85-3940ba486ecd", "object_repr": "527f5fb1-2a01-489c-90e4-9c948a5b1c9d", "action_flag": 3, "change_message": ""}}, {"model": "admin.logentry", "pk": 84, "fields": {"action_time": "2024-05-01T04:16:08.135Z", "user": 3, "content_type": 12, "object_id": "3279321d-4590-48bc-91a7-3b1a8d476c4e", "object_repr": "4053e6ea-b536-43d5-98ad-d777b921502f", "action_flag": 3, "change_message": ""}}, {"model": "admin.logentry", "pk": 85, "fields": {"action_time": "2024-05-01T04:16:08.137Z", "user": 3, "content_type": 12, "object_id": "1efbc2ee-b285-4eb5-a2b6-8a10abebd32e", "object_repr": "ad898275-6fe7-4a00-ae9f-ee7e1ae3ca65", "action_flag": 3, "change_message": ""}}, {"model": "admin.logentry", "pk": 86, "fields": {"action_time": "2024-05-01T04:16:08.139Z", "user": 3, "content_type": 12, "object_id": "118e21f9-6dd0-4e0f-a960-80c54a4ccabe", "object_repr": "a676f026-d933-472c-a35f-6c7b8acf05a9", "action_flag": 3, "change_message": ""}}, {"model": "admin.logentry", "pk": 87, "fields": {"action_time": "2024-05-01T04:16:08.141Z", "user": 3, "content_type": 12, "object_id": "0fecb8bf-9337-4c1b-9f80-7322a9f1d2d9", "object_repr": "eacab504-383a-4f46-8a18-9acea4a865fe", "action_flag": 3, "change_message": ""}}, {"model": "admin.logentry", "pk": 88, "fields": {"action_time": "2024-05-01T04:16:08.143Z", "user": 3, "content_type": 12, "object_id": "0d75fb02-906a-41ab-a0a5-4c7abd787f0a", "object_repr": "e1714d5b-f203-4676-948e-4c4e5eaa526c", "action_flag": 3, "change_message": ""}}, {"model": "admin.logentry", "pk": 89, "fields": {"action_time": "2024-05-01T07:53:56.855Z", "user": 3, "content_type": 12, "object_id": "ddb82e75-f002-4d3b-908c-896ba2c32f70", "object_repr": "9187d127-d80e-4c97-a6ee-039ac7d625fd", "action_flag": 3, "change_message": ""}}, {"model": "admin.logentry", "pk": 90, "fields": {"action_time": "2024-05-01T07:53:56.860Z", "user": 3, "content_type": 12, "object_id": "d51de687-668d-4bdc-baa8-bd1ea7c90578", "object_repr": "ad6bff20-c1d1-44ab-af39-a1b1456f680d", "action_flag": 3, "change_message": ""}}, {"model": "admin.logentry", "pk": 91, "fields": {"action_time": "2024-05-01T07:53:56.864Z", "user": 3, "content_type": 12, "object_id": "d0b9c4ca-d0ff-43f0-a7a1-7020ea11daad", "object_repr": "e58f3816-1361-4703-b0b7-46ff00f85d0c", "action_flag": 3, "change_message": ""}}, {"model": "admin.logentry", "pk": 92, "fields": {"action_time": "2024-05-01T07:53:56.868Z", "user": 3, "content_type": 12, "object_id": "ca09f516-4f83-4508-bb14-72e4b02347a9", "object_repr": "ad6bff20-c1d1-44ab-af39-a1b1456f680d", "action_flag": 3, "change_message": ""}}, {"model": "admin.logentry", "pk": 93, "fields": {"action_time": "2024-05-01T07:53:56.871Z", "user": 3, "content_type": 12, "object_id": "b6ae5ffc-8f70-43a4-a352-d67b5612161b", "object_repr": "1da4b37d-00f6-4cea-b443-6c63b416389e", "action_flag": 3, "change_message": ""}}, {"model": "admin.logentry", "pk": 94, "fields": {"action_time": "2024-05-01T07:53:56.876Z", "user": 3, "content_type": 12, "object_id": "b3bd4039-6548-4ab2-935a-063edc303836", "object_repr": "f04d0103-8d45-4346-bd0c-76ebc8e5a42b", "action_flag": 3, "change_message": ""}}, {"model": "admin.logentry", "pk": 95, "fields": {"action_time": "2024-05-01T07:53:56.881Z", "user": 3, "content_type": 12, "object_id": "67f8603d-5b6d-4fc6-809b-41021291d8d3", "object_repr": "dedc9234-7175-455f-aace-26f1b0b53004", "action_flag": 3, "change_message": ""}}, {"model": "admin.logentry", "pk": 96, "fields": {"action_time": "2024-05-01T07:53:56.885Z", "user": 3, "content_type": 12, "object_id": "46a3bc52-7940-4563-a4f7-b384da90b5ff", "object_repr": "f04d0103-8d45-4346-bd0c-76ebc8e5a42b", "action_flag": 3, "change_message": ""}}, {"model": "admin.logentry", "pk": 97, "fields": {"action_time": "2024-05-01T08:30:00.891Z", "user": 3, "content_type": 12, "object_id": "f64583f2-0df4-4019-882d-0d29868c5016", "object_repr": "f2ed9958-da24-4e9a-81a0-5c4db924ba16", "action_flag": 3, "change_message": ""}}, {"model": "admin.logentry", "pk": 98, "fields": {"action_time": "2024-05-01T08:30:00.901Z", "user": 3, "content_type": 12, "object_id": "e2409e66-0b27-48cd-b86c-0e2638c93ec8", "object_repr": "f2ed9958-da24-4e9a-81a0-5c4db924ba16", "action_flag": 3, "change_message": ""}}, {"model": "admin.logentry", "pk": 99, "fields": {"action_time": "2024-05-01T08:30:00.905Z", "user": 3, "content_type": 12, "object_id": "bcc52876-4238-4373-b5e3-3678ab3515d5", "object_repr": "fe345e89-f23c-4895-8585-d6028cf51bac", "action_flag": 3, "change_message": ""}}, {"model": "admin.logentry", "pk": 100, "fields": {"action_time": "2024-05-01T08:30:00.910Z", "user": 3, "content_type": 12, "object_id": "b2653239-3428-4058-83ed-da0fe128ba03", "object_repr": "5577882e-624f-4304-95c0-9c2c7f1cbd78", "action_flag": 3, "change_message": ""}}, {"model": "admin.logentry", "pk": 101, "fields": {"action_time": "2024-05-01T08:30:00.912Z", "user": 3, "content_type": 12, "object_id": "a3b63a44-d6e9-4822-9f72-c1e2432559ef", "object_repr": "825cd27d-c700-488d-9fb5-47007f1dbfb8", "action_flag": 3, "change_message": ""}}, {"model": "admin.logentry", "pk": 102, "fields": {"action_time": "2024-05-01T08:30:00.919Z", "user": 3, "content_type": 12, "object_id": "78bf1e5d-3a33-4ebf-9e7b-72a945c989ef", "object_repr": "df981e2d-66e9-448e-8e2f-2ebbaf522e93", "action_flag": 3, "change_message": ""}}, {"model": "admin.logentry", "pk": 103, "fields": {"action_time": "2024-05-01T08:30:00.920Z", "user": 3, "content_type": 12, "object_id": "778f9b49-d998-4a83-af01-137bf8714595", "object_repr": "5577882e-624f-4304-95c0-9c2c7f1cbd78", "action_flag": 3, "change_message": ""}}, {"model": "admin.logentry", "pk": 104, "fields": {"action_time": "2024-05-01T08:30:00.929Z", "user": 3, "content_type": 12, "object_id": "72f50da4-f5e8-4eec-a654-cc60eebb7321", "object_repr": "388ec2c8-c8fe-44d5-93e5-f469c2db34a2", "action_flag": 3, "change_message": ""}}, {"model": "admin.logentry", "pk": 105, "fields": {"action_time": "2024-05-01T08:30:00.933Z", "user": 3, "content_type": 12, "object_id": "66b193cc-0ed9-4fb9-93cf-47a72a26f41a", "object_repr": "5f9d50ee-06a1-4352-848c-78c5e74d4522", "action_flag": 3, "change_message": ""}}, {"model": "admin.logentry", "pk": 106, "fields": {"action_time": "2024-05-01T08:30:00.938Z", "user": 3, "content_type": 12, "object_id": "64b583dd-87a6-44da-8041-1e6a2a3edd9d", "object_repr": "df4c1097-4a01-4548-903a-b183fc95dd71", "action_flag": 3, "change_message": ""}}, {"model": "admin.logentry", "pk": 107, "fields": {"action_time": "2024-05-01T08:30:00.941Z", "user": 3, "content_type": 12, "object_id": "484f6d33-6a72-49a2-8af6-2429162009d8", "object_repr": "e563841f-af43-466e-8a34-eef5bcd94fb5", "action_flag": 3, "change_message": ""}}, {"model": "admin.logentry", "pk": 108, "fields": {"action_time": "2024-05-01T08:30:00.941Z", "user": 3, "content_type": 12, "object_id": "4077f6a5-b0dc-4f7a-b84a-30925602e93f", "object_repr": "df4c1097-4a01-4548-903a-b183fc95dd71", "action_flag": 3, "change_message": ""}}, {"model": "admin.logentry", "pk": 109, "fields": {"action_time": "2024-05-01T08:30:00.941Z", "user": 3, "content_type": 12, "object_id": "3d14b6b5-70e4-44d9-be78-75041bd2e133", "object_repr": "5f9d50ee-06a1-4352-848c-78c5e74d4522", "action_flag": 3, "change_message": ""}}, {"model": "admin.logentry", "pk": 110, "fields": {"action_time": "2024-05-01T08:30:00.941Z", "user": 3, "content_type": 12, "object_id": "1ef14a82-3af0-46d3-94c8-99da9cbd34d7", "object_repr": "fe345e89-f23c-4895-8585-d6028cf51bac", "action_flag": 3, "change_message": ""}}, {"model": "admin.logentry", "pk": 111, "fields": {"action_time": "2024-05-01T08:39:49.416Z", "user": 3, "content_type": 12, "object_id": "fe863cef-0faf-4799-9e3f-d89fa1166080", "object_repr": "7eca7971-4f77-4be9-8c7b-55933c627bd3", "action_flag": 3, "change_message": ""}}, {"model": "admin.logentry", "pk": 112, "fields": {"action_time": "2024-05-01T08:39:49.421Z", "user": 3, "content_type": 12, "object_id": "f475fa87-62d6-4c14-8f4e-f2ab204f19fa", "object_repr": "47121b1a-2f0d-4a61-b303-9d6583ab6c96", "action_flag": 3, "change_message": ""}}, {"model": "admin.logentry", "pk": 113, "fields": {"action_time": "2024-05-01T08:39:49.425Z", "user": 3, "content_type": 12, "object_id": "e573aa16-b4e3-4bdb-b1ad-27c7949f0c6c", "object_repr": "5332044c-ba8a-4f8c-8e75-6ea7671c6374", "action_flag": 3, "change_message": ""}}, {"model": "admin.logentry", "pk": 114, "fields": {"action_time": "2024-05-01T08:39:49.429Z", "user": 3, "content_type": 12, "object_id": "ca908d26-e1ab-4050-8568-7f5961d3cf19", "object_repr": "c324402f-5dcd-4837-acb0-58e99ed789fd", "action_flag": 3, "change_message": ""}}, {"model": "admin.logentry", "pk": 115, "fields": {"action_time": "2024-05-01T08:39:49.433Z", "user": 3, "content_type": 12, "object_id": "c194a401-9028-4c9f-8617-7a16b7111f04", "object_repr": "1e7620e3-c9aa-4c56-9bce-84fb3e4778b4", "action_flag": 3, "change_message": ""}}, {"model": "admin.logentry", "pk": 116, "fields": {"action_time": "2024-05-01T08:39:49.436Z", "user": 3, "content_type": 12, "object_id": "b7a06d97-e2cd-4f21-bd9b-e905434f8d18", "object_repr": "bfefccaf-9afe-4c7b-8464-61e073d6fc49", "action_flag": 3, "change_message": ""}}, {"model": "admin.logentry", "pk": 117, "fields": {"action_time": "2024-05-01T08:39:49.440Z", "user": 3, "content_type": 12, "object_id": "a22c9c64-20c6-4c30-964b-2cbdc2f1e48e", "object_repr": "32934a5b-4ce9-4a31-880a-f2b8e8d22a13", "action_flag": 3, "change_message": ""}}, {"model": "admin.logentry", "pk": 118, "fields": {"action_time": "2024-05-01T08:39:49.444Z", "user": 3, "content_type": 12, "object_id": "a1cf0199-89c7-4e18-a4ef-5e72abdd5b51", "object_repr": "184854a1-3d91-43e9-aa67-e2b1298345da", "action_flag": 3, "change_message": ""}}, {"model": "admin.logentry", "pk": 119, "fields": {"action_time": "2024-05-01T08:39:49.448Z", "user": 3, "content_type": 12, "object_id": "90f74139-3443-4f7b-a7a5-3e9c0cb7e850", "object_repr": "ef87553d-fb02-49ff-b712-9e8cac1d6f26", "action_flag": 3, "change_message": ""}}, {"model": "admin.logentry", "pk": 120, "fields": {"action_time": "2024-05-01T08:39:49.451Z", "user": 3, "content_type": 12, "object_id": "8b640f29-012a-4e3c-9538-e2d92ca2f139", "object_repr": "32934a5b-4ce9-4a31-880a-f2b8e8d22a13", "action_flag": 3, "change_message": ""}}, {"model": "admin.logentry", "pk": 121, "fields": {"action_time": "2024-05-01T08:39:49.455Z", "user": 3, "content_type": 12, "object_id": "7f51f5d4-913b-4cb6-aadd-2b8f809581cd", "object_repr": "c324402f-5dcd-4837-acb0-58e99ed789fd", "action_flag": 3, "change_message": ""}}, {"model": "admin.logentry", "pk": 122, "fields": {"action_time": "2024-05-01T08:39:49.459Z", "user": 3, "content_type": 12, "object_id": "7dd5eb64-b884-408e-904d-ad69b6ba6c24", "object_repr": "f3ee75ff-4cb4-4ce1-9067-e8450be18c46", "action_flag": 3, "change_message": ""}}, {"model": "admin.logentry", "pk": 123, "fields": {"action_time": "2024-05-01T08:39:49.463Z", "user": 3, "content_type": 12, "object_id": "7dd22619-e590-4bef-8db7-819fc3800dc4", "object_repr": "1e7620e3-c9aa-4c56-9bce-84fb3e4778b4", "action_flag": 3, "change_message": ""}}, {"model": "admin.logentry", "pk": 124, "fields": {"action_time": "2024-05-01T08:39:49.466Z", "user": 3, "content_type": 12, "object_id": "4349d96d-2e55-4f90-9b97-04f69bbdd667", "object_repr": "4f60101b-2354-4416-95ec-ccd2385df77b", "action_flag": 3, "change_message": ""}}, {"model": "admin.logentry", "pk": 125, "fields": {"action_time": "2024-05-01T08:39:49.470Z", "user": 3, "content_type": 12, "object_id": "35a8745d-cd4f-4d47-a684-30fef23e3698", "object_repr": "ef87553d-fb02-49ff-b712-9e8cac1d6f26", "action_flag": 3, "change_message": ""}}, {"model": "admin.logentry", "pk": 126, "fields": {"action_time": "2024-05-01T08:39:49.473Z", "user": 3, "content_type": 12, "object_id": "24c98094-627a-45cb-ac9a-e48bc03ed2a6", "object_repr": "47121b1a-2f0d-4a61-b303-9d6583ab6c96", "action_flag": 3, "change_message": ""}}, {"model": "admin.logentry", "pk": 127, "fields": {"action_time": "2024-05-01T08:39:49.478Z", "user": 3, "content_type": 12, "object_id": "16128018-a6c1-4253-816f-02b32a386051", "object_repr": "bfefccaf-9afe-4c7b-8464-61e073d6fc49", "action_flag": 3, "change_message": ""}}, {"model": "admin.logentry", "pk": 128, "fields": {"action_time": "2024-05-01T08:39:49.482Z", "user": 3, "content_type": 12, "object_id": "126f6224-2958-4bac-b826-a087e1bad2e8", "object_repr": "7eca7971-4f77-4be9-8c7b-55933c627bd3", "action_flag": 3, "change_message": ""}}, {"model": "admin.logentry", "pk": 129, "fields": {"action_time": "2024-05-01T08:39:49.486Z", "user": 3, "content_type": 12, "object_id": "11f47bf4-ded7-4e58-b3ee-6386ba667dc7", "object_repr": "f3ee75ff-4cb4-4ce1-9067-e8450be18c46", "action_flag": 3, "change_message": ""}}, {"model": "admin.logentry", "pk": 130, "fields": {"action_time": "2024-05-01T08:39:49.489Z", "user": 3, "content_type": 12, "object_id": "095a40d5-82cb-4442-be84-6ec5c8ec397b", "object_repr": "184854a1-3d91-43e9-aa67-e2b1298345da", "action_flag": 3, "change_message": ""}}, {"model": "admin.logentry", "pk": 131, "fields": {"action_time": "2024-05-01T08:39:49.494Z", "user": 3, "content_type": 12, "object_id": "0114a911-644e-4311-9ce3-0de3b5ae54a0", "object_repr": "4f60101b-2354-4416-95ec-ccd2385df77b", "action_flag": 3, "change_message": ""}}, {"model": "admin.logentry", "pk": 132, "fields": {"action_time": "2024-05-01T08:51:40.690Z", "user": 3, "content_type": 12, "object_id": "da0f0b2d-e5e7-4f49-bb87-77a4c4f2e8fd", "object_repr": "6f8992fc-b1ff-41e6-be76-8e9586949402", "action_flag": 3, "change_message": ""}}, {"model": "admin.logentry", "pk": 133, "fields": {"action_time": "2024-05-01T08:51:40.695Z", "user": 3, "content_type": 12, "object_id": "bd85df7b-fc23-49f2-a16b-63ff0bb5dc21", "object_repr": "d4040714-f9b3-4476-94b4-b79059e2acb6", "action_flag": 3, "change_message": ""}}, {"model": "admin.logentry", "pk": 134, "fields": {"action_time": "2024-05-01T08:51:40.699Z", "user": 3, "content_type": 12, "object_id": "b19ed025-9473-4d70-a12c-387a6e35114a", "object_repr": "63920a01-e487-4664-bb36-23750c314fc1", "action_flag": 3, "change_message": ""}}, {"model": "admin.logentry", "pk": 135, "fields": {"action_time": "2024-05-01T08:51:40.704Z", "user": 3, "content_type": 12, "object_id": "8c09e7b8-20fc-4070-92db-5ba07e8805dc", "object_repr": "4d1278fe-ac78-4382-97e5-b0d76a11b781", "action_flag": 3, "change_message": ""}}, {"model": "admin.logentry", "pk": 136, "fields": {"action_time": "2024-05-01T08:51:40.708Z", "user": 3, "content_type": 12, "object_id": "5e784905-53fb-470d-af49-f64c8d4316cf", "object_repr": "63920a01-e487-4664-bb36-23750c314fc1", "action_flag": 3, "change_message": ""}}, {"model": "admin.logentry", "pk": 137, "fields": {"action_time": "2024-05-01T08:51:40.712Z", "user": 3, "content_type": 12, "object_id": "5da0e59a-b80a-433c-850b-8ee4166dfcd1", "object_repr": "6f8992fc-b1ff-41e6-be76-8e9586949402", "action_flag": 3, "change_message": ""}}, {"model": "admin.logentry", "pk": 138, "fields": {"action_time": "2024-05-01T08:51:40.716Z", "user": 3, "content_type": 12, "object_id": "32d271cc-155d-49db-8600-b1e2e7734080", "object_repr": "56858cec-866f-42cf-a7c0-6e47121f8203", "action_flag": 3, "change_message": ""}}, {"model": "admin.logentry", "pk": 139, "fields": {"action_time": "2024-05-01T08:51:40.720Z", "user": 3, "content_type": 12, "object_id": "15f649a7-6ada-4b74-859c-15039d89660f", "object_repr": "56858cec-866f-42cf-a7c0-6e47121f8203", "action_flag": 3, "change_message": ""}}, {"model": "admin.logentry", "pk": 140, "fields": {"action_time": "2024-05-01T12:20:44.569Z", "user": 3, "content_type": 14, "object_id": "102fdc70-9024-4b75-a957-0f341b01ec2e", "object_repr": "Summer Rolls", "action_flag": 2, "change_message": "[{\"changed\": {\"fields\": [\"Description\"]}}]"}}, {"model": "admin.logentry", "pk": 141, "fields": {"action_time": "2024-05-01T12:21:09.707Z", "user": 3, "content_type": 14, "object_id": "fde3f89f-20ed-4e28-9f8f-c3d17d2a1380", "object_repr": "Vegetarian Summer Rolls VG", "action_flag": 2, "change_message": "[{\"changed\": {\"fields\": [\"Name\", \"Description\"]}}]"}}, {"model": "admin.logentry", "pk": 142, "fields": {"action_time": "2024-05-01T12:21:32.632Z", "user": 3, "content_type": 14, "object_id": "b664c1b7-87e3-40ad-8d57-387fdb730d8b", "object_repr": "Square Crab Spring Rolls", "action_flag": 2, "change_message": "[{\"changed\": {\"fields\": [\"Description\"]}}]"}}, {"model": "admin.logentry", "pk": 143, "fields": {"action_time": "2024-05-01T12:21:49.224Z", "user": 3, "content_type": 14, "object_id": "26405bc1-e425-44e5-a511-928181d5800e", "object_repr": "Crispy Spring Rolls", "action_flag": 2, "change_message": "[{\"changed\": {\"fields\": [\"Description\"]}}]"}}, {"model": "admin.logentry", "pk": 144, "fields": {"action_time": "2024-05-01T12:22:05.418Z", "user": 3, "content_type": 14, "object_id": "989138e6-0832-4c29-9994-967b9e2d31dd", "object_repr": "Vegetarian Spring Rolls VG", "action_flag": 2, "change_message": "[{\"changed\": {\"fields\": [\"Name\", \"Description\"]}}]"}}, {"model": "admin.logentry", "pk": 145, "fields": {"action_time": "2024-05-01T12:22:19.683Z", "user": 3, "content_type": 14, "object_id": "3d35deab-131e-4d19-88d3-a509b0088605", "object_repr": "Prawn and Sweet Potato Fritters", "action_flag": 2, "change_message": "[{\"changed\": {\"fields\": [\"Description\"]}}]"}}, {"model": "admin.logentry", "pk": 146, "fields": {"action_time": "2024-05-01T12:22:32.184Z", "user": 3, "content_type": 14, "object_id": "9573a573-80ca-4c6a-8a8c-878042546c78", "object_repr": "Salt &  Pepper Chicken Wings", "action_flag": 2, "change_message": "[{\"changed\": {\"fields\": [\"Description\"]}}]"}}, {"model": "admin.logentry", "pk": 147, "fields": {"action_time": "2024-05-01T12:22:50.041Z", "user": 3, "content_type": 14, "object_id": "85d224f7-f06a-425c-bdf7-65a5f3afda6b", "object_repr": "Papaya Salad VG", "action_flag": 2, "change_message": "[{\"changed\": {\"fields\": [\"Name\", \"Description\"]}}]"}}, {"model": "admin.logentry", "pk": 148, "fields": {"action_time": "2024-05-01T12:23:02.412Z", "user": 3, "content_type": 14, "object_id": "25a546cd-2e44-4ff5-88e9-efaf2a90d898", "object_repr": "Vietnamese Baguette", "action_flag": 2, "change_message": "[{\"changed\": {\"fields\": [\"Description\"]}}]"}}, {"model": "admin.logentry", "pk": 149, "fields": {"action_time": "2024-05-01T12:23:13.848Z", "user": 3, "content_type": 14, "object_id": "523eb828-9677-4f22-9d11-a6a7b75d12fc", "object_repr": "Chargrilled Pork Baguette", "action_flag": 2, "change_message": "[{\"changed\": {\"fields\": [\"Description\"]}}]"}}, {"model": "admin.logentry", "pk": 150, "fields": {"action_time": "2024-05-01T12:23:25.352Z", "user": 3, "content_type": 14, "object_id": "c4e39ed0-77df-4100-845f-f6f20d3c6e4a", "object_repr": "Grilled Chicken Baguette", "action_flag": 2, "change_message": "[{\"changed\": {\"fields\": [\"Description\"]}}]"}}, {"model": "admin.logentry", "pk": 151, "fields": {"action_time": "2024-05-01T12:23:36.019Z", "user": 3, "content_type": 14, "object_id": "f32328ab-4c37-4932-a211-b964dd87e370", "object_repr": "Vietnamese Pork Sausage and Fried Egg Baguette", "action_flag": 2, "change_message": "[{\"changed\": {\"fields\": [\"Description\"]}}]"}}, {"model": "admin.logentry", "pk": 152, "fields": {"action_time": "2024-05-01T12:23:47.232Z", "user": 3, "content_type": 14, "object_id": "6a005aa9-6ad0-42be-bc4f-9bb1f88b5688", "object_repr": "Steak Baguette", "action_flag": 2, "change_message": "[{\"changed\": {\"fields\": [\"Description\"]}}]"}}, {"model": "admin.logentry", "pk": 153, "fields": {"action_time": "2024-05-01T12:23:56.276Z", "user": 3, "content_type": 14, "object_id": "259d21ae-2630-4b62-b933-a115bf95e598", "object_repr": "Vegetarian Baguette", "action_flag": 2, "change_message": "[{\"changed\": {\"fields\": [\"Description\"]}}]"}}, {"model": "admin.logentry", "pk": 154, "fields": {"action_time": "2024-05-01T12:24:35.725Z", "user": 3, "content_type": 14, "object_id": "9f6fc5ce-e357-4a67-90c8-08827d6c7677", "object_repr": "Ginger Chicken Rice", "action_flag": 2, "change_message": "[{\"changed\": {\"fields\": [\"Description\"]}}]"}}, {"model": "admin.logentry", "pk": 155, "fields": {"action_time": "2024-05-01T12:24:44.330Z", "user": 3, "content_type": 14, "object_id": "ebf18027-e3b4-4423-9ebc-ba84949bf019", "object_repr": "Chargrilled Pork Rice", "action_flag": 2, "change_message": "[{\"changed\": {\"fields\": [\"Description\"]}}]"}}, {"model": "admin.logentry", "pk": 156, "fields": {"action_time": "2024-05-01T12:25:51.634Z", "user": 3, "content_type": 14, "object_id": "15311de4-4177-4b3d-aa65-5e91335ce106", "object_repr": "Vegetarian Pho VG", "action_flag": 2, "change_message": "[{\"changed\": {\"fields\": [\"Name\", \"Description\"]}}]"}}, {"model": "admin.logentry", "pk": 157, "fields": {"action_time": "2024-05-01T12:26:04.578Z", "user": 3, "content_type": 14, "object_id": "5d8e5d4e-292e-4be1-a09f-e9341dd94273", "object_repr": "Beef Brisket Pho", "action_flag": 2, "change_message": "[{\"changed\": {\"fields\": [\"Name\", \"Description\"]}}]"}}, {"model": "admin.logentry", "pk": 158, "fields": {"action_time": "2024-05-01T12:26:14.087Z", "user": 3, "content_type": 14, "object_id": "8233fe77-a66b-42f5-88ea-881ef1c1bd1f", "object_repr": "Medium Rare Steak Soup", "action_flag": 2, "change_message": "[{\"changed\": {\"fields\": [\"Description\"]}}]"}}, {"model": "admin.logentry", "pk": 159, "fields": {"action_time": "2024-05-01T12:26:27.197Z", "user": 3, "content_type": 14, "object_id": "01f679d2-f933-480c-bc70-9e036a963f5f", "object_repr": "Short Beef Rib Pho", "action_flag": 2, "change_message": "[{\"changed\": {\"fields\": [\"Name\", \"Description\"]}}]"}}, {"model": "admin.logentry", "pk": 160, "fields": {"action_time": "2024-05-01T12:26:39.335Z", "user": 3, "content_type": 14, "object_id": "d8d3b2a4-f3b0-45c6-8e1e-0a84b4abadd8", "object_repr": "Oxtail and Rib Soup", "action_flag": 2, "change_message": "[{\"changed\": {\"fields\": [\"Description\"]}}]"}}, {"model": "admin.logentry", "pk": 161, "fields": {"action_time": "2024-05-01T12:26:53.759Z", "user": 3, "content_type": 14, "object_id": "54cdc53a-9a7e-47a9-9320-658b452a2888", "object_repr": "Beef Pho Combo", "action_flag": 2, "change_message": "[{\"changed\": {\"fields\": [\"Name\", \"Description\"]}}]"}}, {"model": "admin.logentry", "pk": 162, "fields": {"action_time": "2024-05-01T12:27:03.593Z", "user": 3, "content_type": 14, "object_id": "d9daef93-9fe5-43be-a89f-0c351087ad5d", "object_repr": "Chicken Pho", "action_flag": 2, "change_message": "[{\"changed\": {\"fields\": [\"Name\", \"Description\"]}}]"}}, {"model": "admin.logentry", "pk": 163, "fields": {"action_time": "2024-05-01T12:27:29.468Z", "user": 3, "content_type": 14, "object_id": "34922cdf-82eb-4333-bce2-6822e8cc4fc6", "object_repr": "Chargrilled Pork Vermicelli", "action_flag": 2, "change_message": "[{\"changed\": {\"fields\": [\"Name\", \"Description\"]}}]"}}, {"model": "admin.logentry", "pk": 164, "fields": {"action_time": "2024-05-01T12:27:42.604Z", "user": 3, "content_type": 14, "object_id": "6a216e2e-6145-4429-9f18-90445e463876", "object_repr": "Crispy Spring Rolls Vermicelli", "action_flag": 2, "change_message": "[{\"changed\": {\"fields\": [\"Name\", \"Description\"]}}]"}}, {"model": "admin.logentry", "pk": 165, "fields": {"action_time": "2024-05-01T12:27:53.440Z", "user": 3, "content_type": 14, "object_id": "e22f2421-baa2-4bd5-a61f-d036b1b7eeb4", "object_repr": "Square Crab Spring Rolls Vermicelli", "action_flag": 2, "change_message": "[{\"changed\": {\"fields\": [\"Name\", \"Description\"]}}]"}}, {"model": "admin.logentry", "pk": 166, "fields": {"action_time": "2024-05-01T12:28:08.031Z", "user": 3, "content_type": 14, "object_id": "f83a024a-9c41-4bda-a6a0-94f7bb86f469", "object_repr": "Vegetarian Spring Rolls", "action_flag": 2, "change_message": "[{\"changed\": {\"fields\": [\"Description\"]}}]"}}, {"model": "admin.logentry", "pk": 167, "fields": {"action_time": "2024-05-01T12:28:18.815Z", "user": 3, "content_type": 14, "object_id": "881c7586-cba2-4ee3-bf2d-e2c0822afd87", "object_repr": "Vanilla Ice Cream", "action_flag": 2, "change_message": "[{\"changed\": {\"fields\": [\"Description\"]}}]"}}, {"model": "admin.logentry", "pk": 168, "fields": {"action_time": "2024-05-01T12:28:27.392Z", "user": 3, "content_type": 14, "object_id": "1a669740-5f3b-4a89-a05d-4f2b81445d8c", "object_repr": "Vietnamese Fruit Cocktail", "action_flag": 2, "change_message": "[{\"changed\": {\"fields\": [\"Description\"]}}]"}}, {"model": "admin.logentry", "pk": 169, "fields": {"action_time": "2024-05-01T12:28:35.942Z", "user": 3, "content_type": 14, "object_id": "026f8139-4887-4716-8a8f-4db1acc59e98", "object_repr": "Banana Fritters", "action_flag": 2, "change_message": "[{\"changed\": {\"fields\": [\"Description\"]}}]"}}, {"model": "admin.logentry", "pk": 170, "fields": {"action_time": "2024-05-01T12:42:14.787Z", "user": 3, "content_type": 12, "object_id": "ff8927c5-47d2-4667-a61d-c1c8cadf7169", "object_repr": "cf7f6630-72d8-4ef8-819e-5eab45259df9", "action_flag": 3, "change_message": ""}}, {"model": "admin.logentry", "pk": 171, "fields": {"action_time": "2024-05-01T12:42:14.792Z", "user": 3, "content_type": 12, "object_id": "a1414460-48e7-47c2-9468-b0a3370ea1fa", "object_repr": "8ff6836f-34d0-4d51-888d-8a5ef3958aad", "action_flag": 3, "change_message": ""}}, {"model": "admin.logentry", "pk": 172, "fields": {"action_time": "2024-05-01T12:42:14.797Z", "user": 3, "content_type": 12, "object_id": "9d5d9006-4dc9-4b8d-891c-e8fb124d7cf9", "object_repr": "b063b893-f807-47be-904d-a93f3cb44e3f", "action_flag": 3, "change_message": ""}}, {"model": "admin.logentry", "pk": 173, "fields": {"action_time": "2024-05-01T12:42:14.801Z", "user": 3, "content_type": 12, "object_id": "9c8de31b-9515-48db-a3ce-24af564ee78d", "object_repr": "b063b893-f807-47be-904d-a93f3cb44e3f", "action_flag": 3, "change_message": ""}}, {"model": "admin.logentry", "pk": 174, "fields": {"action_time": "2024-05-01T12:42:14.805Z", "user": 3, "content_type": 12, "object_id": "9af2599d-8ed7-4892-8711-e6c806c073d7", "object_repr": "fff99bc8-eaf8-4461-b7b6-30ef0ac8c960", "action_flag": 3, "change_message": ""}}, {"model": "admin.logentry", "pk": 175, "fields": {"action_time": "2024-05-01T12:42:14.809Z", "user": 3, "content_type": 12, "object_id": "8a8a4f89-8d77-47e6-a3dc-400702513b87", "object_repr": "24bc4eda-855d-4f1e-9f26-28510bd30cbb", "action_flag": 3, "change_message": ""}}, {"model": "admin.logentry", "pk": 176, "fields": {"action_time": "2024-05-01T12:42:14.815Z", "user": 3, "content_type": 12, "object_id": "89baf65b-cd3e-4da0-b5c8-8518690a32eb", "object_repr": "54e650bc-050e-4098-a974-04d7d8b4cb67", "action_flag": 3, "change_message": ""}}, {"model": "admin.logentry", "pk": 177, "fields": {"action_time": "2024-05-01T12:42:14.819Z", "user": 3, "content_type": 12, "object_id": "55df7a51-083c-4ee0-90b7-98769d7a1a74", "object_repr": "fff99bc8-eaf8-4461-b7b6-30ef0ac8c960", "action_flag": 3, "change_message": ""}}, {"model": "admin.logentry", "pk": 178, "fields": {"action_time": "2024-05-01T12:42:14.823Z", "user": 3, "content_type": 12, "object_id": "4f39b273-75d2-4f40-ac45-ceaf6235a0c8", "object_repr": "7d30d853-144c-4885-bbbd-da7351282ecc", "action_flag": 3, "change_message": ""}}, {"model": "admin.logentry", "pk": 179, "fields": {"action_time": "2024-05-01T12:42:14.828Z", "user": 3, "content_type": 12, "object_id": "403e77cd-2369-4631-aaf5-0bc549af3a54", "object_repr": "b063b893-f807-47be-904d-a93f3cb44e3f", "action_flag": 3, "change_message": ""}}, {"model": "admin.logentry", "pk": 180, "fields": {"action_time": "2024-05-01T12:42:14.832Z", "user": 3, "content_type": 12, "object_id": "367f727e-cad6-4f6c-960f-6ebcf112cc67", "object_repr": "b063b893-f807-47be-904d-a93f3cb44e3f", "action_flag": 3, "change_message": ""}}, {"model": "admin.logentry", "pk": 181, "fields": {"action_time": "2024-05-01T12:42:14.836Z", "user": 3, "content_type": 12, "object_id": "1b84d22b-550c-4f77-9f61-f9913855b522", "object_repr": "c8b3d175-85d6-42f9-9bd0-e581673ea290", "action_flag": 3, "change_message": ""}}, {"model": "admin.logentry", "pk": 182, "fields": {"action_time": "2024-05-01T12:42:14.841Z", "user": 3, "content_type": 12, "object_id": "18a9e1f7-072b-409d-9aeb-e0a4495dc94f", "object_repr": "2079d535-678f-4d06-ac22-f0fa160c9170", "action_flag": 3, "change_message": ""}}, {"model": "admin.logentry", "pk": 183, "fields": {"action_time": "2024-05-01T12:42:14.845Z", "user": 3, "content_type": 12, "object_id": "004b0496-669a-4b0e-9c54-8ed31a3a006a", "object_repr": "f00d2ab3-9fe9-4303-be93-67736298a6c9", "action_flag": 3, "change_message": ""}}, {"model": "admin.logentry", "pk": 184, "fields": {"action_time": "2024-05-03T11:36:43.057Z", "user": 3, "content_type": 12, "object_id": "c3512fa1-3843-4470-bf94-6b0a928bbc18", "object_repr": "b8f56353-64e4-4335-8b61-61de4cf46fcf", "action_flag": 3, "change_message": ""}}, {"model": "admin.logentry", "pk": 185, "fields": {"action_time": "2024-05-03T11:36:43.063Z", "user": 3, "content_type": 12, "object_id": "b896a502-3bae-4ebd-82ab-99eb8f6737d5", "object_repr": "994d0dbc-0ec0-44f8-8d70-15b5138c4fde", "action_flag": 3, "change_message": ""}}, {"model": "admin.logentry", "pk": 186, "fields": {"action_time": "2024-05-03T11:36:43.068Z", "user": 3, "content_type": 12, "object_id": "b1b5b538-86a6-44c2-97f9-0eb09d29fe1c", "object_repr": "98db93a7-b952-4ab7-ac14-dd66072dd069", "action_flag": 3, "change_message": ""}}, {"model": "admin.logentry", "pk": 187, "fields": {"action_time": "2024-05-03T11:36:43.075Z", "user": 3, "content_type": 12, "object_id": "a822b2cc-abd0-42e1-8481-b4ee50a74649", "object_repr": "31eedd51-0dff-45cc-a8d7-aeb31aaf9f0a", "action_flag": 3, "change_message": ""}}, {"model": "admin.logentry", "pk": 188, "fields": {"action_time": "2024-05-03T11:36:43.081Z", "user": 3, "content_type": 12, "object_id": "8230ede4-a7aa-402b-9970-a786ce6bc077", "object_repr": "1616ac8d-9e21-492d-afd1-13f5b2360aa6", "action_flag": 3, "change_message": ""}}, {"model": "admin.logentry", "pk": 189, "fields": {"action_time": "2024-05-03T11:36:43.087Z", "user": 3, "content_type": 12, "object_id": "7f8143ae-4dca-4943-b40b-55c2e01e7749", "object_repr": "31eedd51-0dff-45cc-a8d7-aeb31aaf9f0a", "action_flag": 3, "change_message": ""}}, {"model": "admin.logentry", "pk": 190, "fields": {"action_time": "2024-05-03T11:36:43.093Z", "user": 3, "content_type": 12, "object_id": "76608291-7063-4e42-bdb5-6bae0f6b115a", "object_repr": "cf69f7ed-29cc-4685-9dce-2bf5519dc8cc", "action_flag": 3, "change_message": ""}}, {"model": "admin.logentry", "pk": 191, "fields": {"action_time": "2024-05-03T11:36:43.098Z", "user": 3, "content_type": 12, "object_id": "66187ec0-6407-4d98-8c92-44cb3b184976", "object_repr": "994d0dbc-0ec0-44f8-8d70-15b5138c4fde", "action_flag": 3, "change_message": ""}}, {"model": "admin.logentry", "pk": 192, "fields": {"action_time": "2024-05-03T11:36:43.105Z", "user": 3, "content_type": 12, "object_id": "4a14d0ad-49ac-4f66-bc89-b01c65199146", "object_repr": "cf69f7ed-29cc-4685-9dce-2bf5519dc8cc", "action_flag": 3, "change_message": ""}}, {"model": "admin.logentry", "pk": 193, "fields": {"action_time": "2024-05-03T11:36:43.114Z", "user": 3, "content_type": 12, "object_id": "42ed10c6-72da-454b-af7a-51c7e9ae5261", "object_repr": "2fda16ac-49fa-4a5e-a58a-0df1f44a0c75", "action_flag": 3, "change_message": ""}}, {"model": "admin.logentry", "pk": 194, "fields": {"action_time": "2024-05-03T12:15:51.849Z", "user": 3, "content_type": 12, "object_id": "a12099ab-9fa9-48dd-a8fb-3fee23ad6f5c", "object_repr": "aeac1872-922b-44ef-9614-2f1638ca5545", "action_flag": 3, "change_message": ""}}, {"model": "admin.logentry", "pk": 195, "fields": {"action_time": "2024-05-03T12:15:51.858Z", "user": 3, "content_type": 12, "object_id": "96b3e4da-7f03-4114-a226-13b68a250f17", "object_repr": "aeac1872-922b-44ef-9614-2f1638ca5545", "action_flag": 3, "change_message": ""}}, {"model": "admin.logentry", "pk": 196, "fields": {"action_time": "2024-05-03T12:15:51.869Z", "user": 3, "content_type": 12, "object_id": "8816163e-07ce-4f42-a001-7de08a09673d", "object_repr": "c389ad60-5268-49d8-9bd3-e1b7d5b20d81", "action_flag": 3, "change_message": ""}}, {"model": "admin.logentry", "pk": 197, "fields": {"action_time": "2024-05-03T12:15:51.876Z", "user": 3, "content_type": 12, "object_id": "6d3d77a4-c6d8-4259-8ad4-0811c386c1be", "object_repr": "c389ad60-5268-49d8-9bd3-e1b7d5b20d81", "action_flag": 3, "change_message": ""}}, {"model": "admin.logentry", "pk": 198, "fields": {"action_time": "2024-05-03T12:16:54.007Z", "user": 3, "content_type": 12, "object_id": "3aad09ea-0394-48c6-adac-9746f43b73a1", "object_repr": "de915065-b426-44b4-a7de-e6e3bb7a352e", "action_flag": 3, "change_message": ""}}, {"model": "admin.logentry", "pk": 199, "fields": {"action_time": "2024-05-03T12:16:54.014Z", "user": 3, "content_type": 12, "object_id": "31900809-55df-4254-b8da-f504267e536e", "object_repr": "de915065-b426-44b4-a7de-e6e3bb7a352e", "action_flag": 3, "change_message": ""}}, {"model": "admin.logentry", "pk": 200, "fields": {"action_time": "2024-05-03T12:19:08.195Z", "user": 3, "content_type": 12, "object_id": "93d87344-d9c7-40a6-bf93-06472d9634fe", "object_repr": "495964e0-c288-45a3-89c1-71a13e4cd2eb", "action_flag": 3, "change_message": ""}}, {"model": "admin.logentry", "pk": 201, "fields": {"action_time": "2024-05-03T12:19:08.203Z", "user": 3, "content_type": 12, "object_id": "69520431-385d-4086-bbe9-3365f6c2ea4f", "object_repr": "495964e0-c288-45a3-89c1-71a13e4cd2eb", "action_flag": 3, "change_message": ""}}, {"model": "admin.logentry", "pk": 202, "fields": {"action_time": "2024-05-03T16:28:47.694Z", "user": 3, "content_type": 12, "object_id": "f381877b-fde5-4711-bb89-72ab1193b4d5", "object_repr": "09e27ca5-5110-4ff9-963e-62beee469b5e", "action_flag": 3, "change_message": ""}}, {"model": "admin.logentry", "pk": 203, "fields": {"action_time": "2024-05-03T16:28:47.702Z", "user": 3, "content_type": 12, "object_id": "ed57415e-6b6d-4f1f-b4e4-16ed38be4b9e", "object_repr": "4ed89681-c676-48d7-9cef-4732b5d9e8c7", "action_flag": 3, "change_message": ""}}, {"model": "admin.logentry", "pk": 204, "fields": {"action_time": "2024-05-03T16:28:47.711Z", "user": 3, "content_type": 12, "object_id": "eca63899-756f-427e-b3e8-222d214ab29c", "object_repr": "c082a34c-5b6c-4cf9-9ed7-1d2d80c1c72f", "action_flag": 3, "change_message": ""}}, {"model": "admin.logentry", "pk": 205, "fields": {"action_time": "2024-05-03T16:28:47.721Z", "user": 3, "content_type": 12, "object_id": "ec44cb84-e737-4b3a-b388-bb9fe94d8a92", "object_repr": "4ed89681-c676-48d7-9cef-4732b5d9e8c7", "action_flag": 3, "change_message": ""}}, {"model": "admin.logentry", "pk": 206, "fields": {"action_time": "2024-05-03T16:28:47.731Z", "user": 3, "content_type": 12, "object_id": "e560ffbe-9af4-43f9-9500-2ef24bcadeee", "object_repr": "bb07a9e0-9469-4ca4-bb2b-907a5e812595", "action_flag": 3, "change_message": ""}}, {"model": "admin.logentry", "pk": 207, "fields": {"action_time": "2024-05-03T16:28:47.740Z", "user": 3, "content_type": 12, "object_id": "dc046c57-55eb-4d49-9971-52ae94498f42", "object_repr": "b3a2c13f-d304-4bdb-a73f-97b6713e280e", "action_flag": 3, "change_message": ""}}, {"model": "admin.logentry", "pk": 208, "fields": {"action_time": "2024-05-03T16:28:47.751Z", "user": 3, "content_type": 12, "object_id": "d4e74baa-bd6b-41f3-94ca-db8b57d71f80", "object_repr": "bb07a9e0-9469-4ca4-bb2b-907a5e812595", "action_flag": 3, "change_message": ""}}, {"model": "admin.logentry", "pk": 209, "fields": {"action_time": "2024-05-03T16:28:47.760Z", "user": 3, "content_type": 12, "object_id": "ba2510da-f92e-4dcf-a35f-431bcc663461", "object_repr": "09e27ca5-5110-4ff9-963e-62beee469b5e", "action_flag": 3, "change_message": ""}}, {"model": "admin.logentry", "pk": 210, "fields": {"action_time": "2024-05-03T16:28:47.769Z", "user": 3, "content_type": 12, "object_id": "b61b3a17-8cc7-465d-a996-80584e4fb448", "object_repr": "bb07a9e0-9469-4ca4-bb2b-907a5e812595", "action_flag": 3, "change_message": ""}}, {"model": "admin.logentry", "pk": 211, "fields": {"action_time": "2024-05-03T16:28:47.780Z", "user": 3, "content_type": 12, "object_id": "9b50ff03-e3dd-4b39-aac5-8f9f0bc57e8e", "object_repr": "2d12ac98-63e0-4335-b2da-3a86d98b0e50", "action_flag": 3, "change_message": ""}}, {"model": "admin.logentry", "pk": 212, "fields": {"action_time": "2024-05-03T16:28:47.790Z", "user": 3, "content_type": 12, "object_id": "8ee5c60f-ec25-4c1c-88ff-59b2e1780d3a", "object_repr": "c082a34c-5b6c-4cf9-9ed7-1d2d80c1c72f", "action_flag": 3, "change_message": ""}}, {"model": "admin.logentry", "pk": 213, "fields": {"action_time": "2024-05-03T16:28:47.801Z", "user": 3, "content_type": 12, "object_id": "8e7ef891-2ff0-4347-a4f7-7d344c2de103", "object_repr": "9c2673ce-f899-481d-9f5a-37f6a9dedd18", "action_flag": 3, "change_message": ""}}, {"model": "admin.logentry", "pk": 214, "fields": {"action_time": "2024-05-03T16:28:47.809Z", "user": 3, "content_type": 12, "object_id": "651b43e8-17a2-4a03-8f0a-66b149ceb9e5", "object_repr": "99416a84-0b0a-4807-98b6-c244a54ce15e", "action_flag": 3, "change_message": ""}}, {"model": "admin.logentry", "pk": 215, "fields": {"action_time": "2024-05-03T16:28:47.820Z", "user": 3, "content_type": 12, "object_id": "591e20f2-6b0b-4bc0-b21b-aef701bf88df", "object_repr": "bb07a9e0-9469-4ca4-bb2b-907a5e812595", "action_flag": 3, "change_message": ""}}, {"model": "admin.logentry", "pk": 216, "fields": {"action_time": "2024-05-03T16:28:47.829Z", "user": 3, "content_type": 12, "object_id": "47a55320-a69c-4cec-a2c6-019b5c4a729c", "object_repr": "b3a2c13f-d304-4bdb-a73f-97b6713e280e", "action_flag": 3, "change_message": ""}}, {"model": "admin.logentry", "pk": 217, "fields": {"action_time": "2024-05-03T16:28:47.839Z", "user": 3, "content_type": 12, "object_id": "41f66db9-2c88-453a-a7c8-78cbab4beb5b", "object_repr": "9c2673ce-f899-481d-9f5a-37f6a9dedd18", "action_flag": 3, "change_message": ""}}, {"model": "admin.logentry", "pk": 218, "fields": {"action_time": "2024-05-03T16:28:47.847Z", "user": 3, "content_type": 12, "object_id": "2b45279b-3f90-4204-826d-a531391387c9", "object_repr": "9c2673ce-f899-481d-9f5a-37f6a9dedd18", "action_flag": 3, "change_message": ""}}, {"model": "admin.logentry", "pk": 219, "fields": {"action_time": "2024-05-03T16:28:47.856Z", "user": 3, "content_type": 12, "object_id": "2260b4c4-39fe-45ef-8e5c-45d42d60aae0", "object_repr": "9c2673ce-f899-481d-9f5a-37f6a9dedd18", "action_flag": 3, "change_message": ""}}, {"model": "admin.logentry", "pk": 220, "fields": {"action_time": "2024-05-03T16:28:47.866Z", "user": 3, "content_type": 12, "object_id": "12ce2776-fd4f-4d1e-a05e-923c514c7c97", "object_repr": "2d12ac98-63e0-4335-b2da-3a86d98b0e50", "action_flag": 3, "change_message": ""}}, {"model": "admin.logentry", "pk": 221, "fields": {"action_time": "2024-05-03T16:34:43.147Z", "user": 3, "content_type": 12, "object_id": "c6c13c12-2c9e-4da8-a79a-bfa3e16906f3", "object_repr": "71b95f38-a410-4fcf-8302-232da99bc5a4", "action_flag": 3, "change_message": ""}}, {"model": "admin.logentry", "pk": 222, "fields": {"action_time": "2024-05-05T04:58:19.481Z", "user": 3, "content_type": 14, "object_id": "bbf26bdd-6244-47bb-9abb-f9c762f445eb", "object_repr": "Tesst", "action_flag": 3, "change_message": ""}}, {"model": "admin.logentry", "pk": 223, "fields": {"action_time": "2024-05-05T04:59:29.424Z", "user": 3, "content_type": 14, "object_id": "fb40ca24-6ea9-4edc-b4c7-e62fb73e2233", "object_repr": "aaaaa", "action_flag": 3, "change_message": ""}}, {"model": "admin.logentry", "pk": 224, "fields": {"action_time": "2024-05-05T04:59:29.431Z", "user": 3, "content_type": 14, "object_id": "69551344-fc09-4726-86c0-015637c5e76f", "object_repr": "Tesst", "action_flag": 3, "change_message": ""}}, {"model": "admin.logentry", "pk": 225, "fields": {"action_time": "2024-05-05T04:59:29.440Z", "user": 3, "content_type": 14, "object_id": "40a39134-7e1c-4750-b6bd-c1b1fc719a77", "object_repr": "Tesst", "action_flag": 3, "change_message": ""}}, {"model": "auth.user", "pk": 2, "fields": {"password": "pbkdf2_sha256$720000$OpO2jQwx18HxLU5sXvS9vK$TUoDp+S8PutDTjec8d/WB1B1xR1ASO+fCHImyNWi3PM=", "last_login": "2024-05-13T14:29:14.190Z", "is_superuser": false, "username": "demo", "first_name": "Alice", "last_name": "Firstimer", "email": "", "is_staff": false, "is_active": true, "date_joined": "2024-04-28T09:27:04.500Z", "groups": [], "user_permissions": []}}, {"model": "auth.user", "pk": 3, "fields": {"password": "pbkdf2_sha256$720000$rleV8DulHaDkaFFGewAlNi$IKemQsw9+axVOKpBiFWxjZgPV3hlpmmSro7lzo/Sscw=", "last_login": "2024-05-14T00:59:28.504Z", "is_superuser": true, "username": "admin", "first_name": "", "last_name": "", "email": "admin@gmail.com", "is_staff": true, "is_active": true, "date_joined": "2024-04-28T09:29:56.281Z", "groups": [], "user_permissions": []}}, {"model": "sessions.session", "pk": "00zei7avzinfwhdb8zocr8g2fm3wrmwv", "fields": {"session_data": ".eJxVjEEOwiAQRe_C2hBailNcuu8ZyAwzSNXQpLQr492VpAvd_vfef6mA-5bDXmUNM6uLsur0uxHGh5QG-I7ltui4lG2dSTdFH7TqaWF5Xg_37yBjza3uTUTwYmyKZ4_C4CwYFvbEfnQsnofuKxhPNtmxpwE4JmcMACamTr0_Aa84ow:1s6gVs:dgNNTOkHL6_CowUoDKhTHwTt5zlOC-atNbJ6p-q-RRA", "expire_date": "2024-05-28T00:59:28.510Z"}}, {"model": "sessions.session", "pk": "hqvc7zl422im1x4eapt7zgzhauo2ova1", "fields": {"session_data": ".eJxVjEEOwiAQRe_C2hCgjGVcuu8ZyNAZbNVAUtqV8e7apAvd_vfef6lI2zrFrckSZ1YX5dTpd0s0PqTsgO9UblWPtazLnPSu6IM2PVSW5_Vw_w4matO3NkgCEKwYh3QGFgjkufOGAW123GPKgCF4m_uEnAyCoBuN6SFxZ716fwDS-DdV:1s6AIT:5fhc5WWPLwT4nDuLte-rCiHTUr_5ca_JFsbTgzk6mKk", "expire_date": "2024-05-26T14:35:29.550Z"}}, {"model": "sessions.session", "pk": "m0vn0m3wimbjuo3nobuiz6c5be3qw65n", "fields": {"session_data": ".eJxVjMsOwiAQRf-FtSHA8HTp3m8gMINSNZCUdmX8d9ukC92ec-59s5jWpcZ1lDlOxM4M2OmX5YTP0nZBj9TunWNvyzxlvif8sINfO5XX5Wj_DmoadVsXSFYbA6QIVbbu5kiYbFWQ2qNGqzcQMgXhRADnQSjpi0WSaDQoldjnC9MWNxc:1s1HLo:yFme5ZalEmbT-kjEYLJCNDUwgT1dZ5lwTCc1bOJcYZQ", "expire_date": "2024-05-13T03:06:44.562Z"}}, {"model": "sessions.session", "pk": "o34abih5mddlu7peqf7n7876pw63tfsx", "fields": {"session_data": ".eJxVjEEOwiAQRe_C2hBailNcuu8ZyAwzSNXQpLQr492VpAvd_vfef6mA-5bDXmUNM6uLsur0uxHGh5QG-I7ltui4lG2dSTdFH7TqaWF5Xg_37yBjza3uTUTwYmyKZ4_C4CwYFvbEfnQsnofuKxhPNtmxpwE4JmcMACamTr0_Aa84ow:1s3duS:Xc70jD4W1cvd9DuScrtN_gN26Sh1sYNVlNOchMjhJO4", "expire_date": "2024-05-19T15:36:16.172Z"}}, {"model": "sessions.session", "pk": "opfp3akp6vvjwmgfb3sm50g45qe6vzn9", "fields": {"session_data": ".eJxVjDsOwjAQBe_iGlna-E9JzxmsdXaNA8iW4qSKuDuylALaNzPvEBH3rcS98xoXElehxOV3Szi_uA5AT6yPJudWt3VJcijypF3eG_H7drp_BwV7GTWBZ20CsQdDbgJLABZYB_A6B4ezJZc9TVkltCqx5UCKMjgPyoATny_hwje_:1s20TU:hwUBB934o_l7HNpZ_Gqq4nqLkFMablVwHzswGmzKPXI", "expire_date": "2024-05-15T03:17:40.429Z"}}, {"model": "sessions.session", "pk": "rtgossvr43a7lbfx7sckhno5gbkxm95b", "fields": {"session_data": ".eJxVjEEOwiAQRe_C2hBailNcuu8ZyAwzSNXQpLQr492VpAvd_vfef6mA-5bDXmUNM6uLsur0uxHGh5QG-I7ltui4lG2dSTdFH7TqaWF5Xg_37yBjza3uTUTwYmyKZ4_C4CwYFvbEfnQsnofuKxhPNtmxpwE4JmcMACamTr0_Aa84ow:1s3pfu:YrNNJ76E3QssWr0RXU25JHloycNjX3teMAHpQLTA2Fw", "expire_date": "2024-05-20T04:10:02.383Z"}}, {"model": "sessions.session", "pk": "tp94mejy3bpp2x1t8ofw9ouxfiz8bspb", "fields": {"session_data": ".eJxVjEEOwiAQRe_C2hBailNcuu8ZyAwzSNXQpLQr492VpAvd_vfef6mA-5bDXmUNM6uLsur0uxHGh5QG-I7ltui4lG2dSTdFH7TqaWF5Xg_37yBjza3uTUTwYmyKZ4_C4CwYFvbEfnQsnofuKxhPNtmxpwE4JmcMACamTr0_Aa84ow:1s2tmY:_InIvLvTSr-4OF0YdpAqOZHfRzzW9n5mASxrx-vGzgQ", "expire_date": "2024-05-17T14:21:02.105Z"}}, {"model": "sessions.session", "pk": "wiz0gtz2qte0p7bsyr8tztjpzj7jgk8u", "fields": {"session_data": ".eJxVjEEOwiAQRe_C2hBailNcuu8ZyAwzSNXQpLQr492VpAvd_vfef6mA-5bDXmUNM6uLsur0uxHGh5QG-I7ltui4lG2dSTdFH7TqaWF5Xg_37yBjza3uTUTwYmyKZ4_C4CwYFvbEfnQsnofuKxhPNtmxpwE4JmcMACamTr0_Aa84ow:1s29s3:FE65uYF-WsKxRk1JNT6plGjtS98UPH3KZM8WQDSYfEQ", "expire_date": "2024-05-15T13:19:39.535Z"}}, {"model": "restaurant.translation", "pk": "d69921ca8e6d4610aa389eea126c8cb6", "fields": {"language": "Vietnamese", "code": "Vi", "description": "Vietnamese"}}, {"model": "restaurant.translation", "pk": "ea24d0e4140048c0a1651fe2a96272a0", "fields": {"language": "English", "code": "En", "description": "English"}}, {"model": "restaurant.restaurant", "pk": "b8ed477ae1824394b6e788d114d3e03c", "fields": {"name": "Viet An", "address": "73-75 Skene Street, Aberdeen, AB10 1QD", "phone": "bootstrap@example.com", "email": "info@viet-an.co.uk", "description": "                    Flavors of the East, Served with Passion\r\n                  \r\n                  \r\n                  ", "opening_hours": "5PM - 22PM"}}, {"model": "restaurant.user", "pk": "0413ff1c2b69480886cefd41eceec037", "fields": {"fullname": "", "username": "hlhlhalke@gg.com", "password": "123", "email": "hlhlhalke@gg.com"}}, {"model": "restaurant.user", "pk": "2db25700e7264e70b01f499449beb392", "fields": {"fullname": "Ronaldo", "username": "chaudanghuy@gmail.com", "password": "123", "email": "chaudanghuy@gmail.com"}}, {"model": "restaurant.user", "pk": "44c8f654e73046ca85bba08c5d16846a", "fields": {"fullname": "sss", "username": "admin11@gmail.com", "password": "123", "email": "admin11@gmail.com"}}, {"model": "restaurant.user", "pk": "5fa5656759184d6dadd301224b99a3e7", "fields": {"fullname": "Alice", "username": "admin123@gmail.com", "password": "123", "email": "admin123@gmail.com"}}, {"model": "restaurant.user", "pk": "928bc5f0e857488f8b6298d7b295c53d", "fields": {"fullname": "TEst", "username": "test@gmail.com", "password": "123", "email": "test@gmail.com"}}, {"model": "restaurant.user", "pk": "bba07d4ad39a4bdb8fa8ba1eb8d6a589", "fields": {"fullname": "", "username": "guest", "password": "123", "email": "aaa@g.com"}}, {"model": "restaurant.user", "pk": "c65c0fb1cf984aa1a1b8af783e7b52c9", "fields": {"fullname": "sss", "username": "sss@gmail.com", "password": "123", "email": "sss@gmail.com"}}, {"model": "restaurant.user", "pk": "c971d94db1d441c0b76d0a3f291b17d3", "fields": {"fullname": "aaaa", "username": "aaaaaaaaaaaaaaaa@gg.com", "password": "123", "email": "aaaaaaaaaaaaaaaa@gg.com"}}, {"model": "restaurant.user", "pk": "e36373c844504b7f90650d5fa7523407", "fields": {"fullname": "Ahihi", "username": "tintucgac8@gmail.com", "password": "123", "email": "tintucgac8@gmail.com"}}, {"model": "restaurant.user", "pk": "ec0d5395cc2e495bbb12779a07b583c2", "fields": {"fullname": "sagag", "username": "egage@aaa", "password": "123", "email": "egage@aaa"}}, {"model": "restaurant.user", "pk": "efa67ee42ede4e46b20451814c770bef", "fields": {"fullname": "aaaa", "username": "admin22@gmail.com", "password": "123", "email": "admin22@gmail.com"}}, {"model": "restaurant.user", "pk": "f113bd2b0b1e40afb4c0dac15718e6b2", "fields": {"fullname": "", "username": "namdatuoc22@gmail.com", "password": "123", "email": "namdatuoc22@gmail.com"}}, {"model": "restaurant.user", "pk": "f9f1b1dd3448434a83ff13bf9b59a3d8", "fields": {"fullname": "aaaa", "username": "chaudanghuy6789@gmail.com", "password": "123", "email": "chaudanghuy6789@gmail.com"}}, {"model": "restaurant.user", "pk": "fdd9d59ede8645878951e088eb62ac84", "fields": {"fullname": "ahihi", "username": "admin@gmail.com", "password": "123", "email": "admin@gmail.com"}}, {"model": "restaurant.customer", "pk": "02bb7c746c374788b47ca6410906dbb6", "fields": {"user": "e36373c844504b7f90650d5fa7523407", "address": "tintucgac8@gmail.com", "phone": "0768567579"}}, {"model": "restaurant.customer", "pk": "0371c4fbd30b472eb7074c592bee376a", "fields": {"user": "c971d94db1d441c0b76d0a3f291b17d3", "address": "aaaaaaaaaaaaaaaa@gg.com", "phone": "1233456789"}}, {"model": "restaurant.customer", "pk": "14151429a459442dad8e11aac913114c", "fields": {"user": "f113bd2b0b1e40afb4c0dac15718e6b2", "address": "namdatuoc22@gmail.com", "phone": "2344566789"}}, {"model": "restaurant.customer", "pk": "1897a08b447147f4b5a82b5a73507584", "fields": {"user": "bba07d4ad39a4bdb8fa8ba1eb8d6a589", "address": "aaa", "phone": "12235665776"}}, {"model": "restaurant.customer", "pk": "3e9d719a8db9419c8b0bcf7bb8d47e9b", "fields": {"user": "bba07d4ad39a4bdb8fa8ba1eb8d6a589", "address": "No address provided", "phone": "23333333333333"}}, {"model": "restaurant.customer", "pk": "541c61577b44438ab84f7525d2e54734", "fields": {"user": "fdd9d59ede8645878951e088eb62ac84", "address": "admin@gmail.com", "phone": "0763671496"}}, {"model": "restaurant.customer", "pk": "5e80ca32080943acb97f5e3d4bf30843", "fields": {"user": "bba07d4ad39a4bdb8fa8ba1eb8d6a589", "address": "No address provided", "phone": "546464"}}, {"model": "restaurant.customer", "pk": "617eaf47bea74d3098be836bd683be58", "fields": {"user": "44c8f654e73046ca85bba08c5d16846a", "address": "admin11@gmail.com", "phone": "1233456789"}}, {"model": "restaurant.customer", "pk": "7810cafcede74aaeb69a145b0c4ad0ef", "fields": {"user": "f9f1b1dd3448434a83ff13bf9b59a3d8", "address": "chaudanghuy6789@gmail.com", "phone": "0768567579"}}, {"model": "restaurant.customer", "pk": "86e72e0641344b04ba96a46e677e64be", "fields": {"user": "bba07d4ad39a4bdb8fa8ba1eb8d6a589", "address": "No address provided", "phone": "11111"}}, {"model": "restaurant.customer", "pk": "89bc27f08b134c99899385df4c1cd5d1", "fields": {"user": "928bc5f0e857488f8b6298d7b295c53d", "address": "test@gmail.com", "phone": "1233456789"}}, {"model": "restaurant.customer", "pk": "9fb888adabdf4846959b3e20819bf8f6", "fields": {"user": "bba07d4ad39a4bdb8fa8ba1eb8d6a589", "address": "aaaa", "phone": "113532254264"}}, {"model": "restaurant.customer", "pk": "a57e310fdbcb4336a2741edc5b4b93ee", "fields": {"user": "bba07d4ad39a4bdb8fa8ba1eb8d6a589", "address": "", "phone": "1222223333"}}, {"model": "restaurant.customer", "pk": "acf88a299cdb4f2eb3dda98e09b67f66", "fields": {"user": "bba07d4ad39a4bdb8fa8ba1eb8d6a589", "address": "No address provided", "phone": "3252454256446"}}, {"model": "restaurant.customer", "pk": "b4799020aef341c282294b615e2e59d3", "fields": {"user": "bba07d4ad39a4bdb8fa8ba1eb8d6a589", "address": "aaa", "phone": "4509785407845"}}, {"model": "restaurant.customer", "pk": "c79e6157928045dfbd4142bd97f7262c", "fields": {"user": "5fa5656759184d6dadd301224b99a3e7", "address": "admin123@gmail.com", "phone": "1233456789"}}, {"model": "restaurant.customer", "pk": "dad8d309444e4b8d90f1cc823a31a808", "fields": {"user": "ec0d5395cc2e495bbb12779a07b583c2", "address": "egage@aaa", "phone": "0768567579"}}, {"model": "restaurant.customer", "pk": "db8c98ad9ac44fbe9a7c0e81ae3188b5", "fields": {"user": "2db25700e7264e70b01f499449beb392", "address": "chaudanghuy@gmail.com", "phone": "1233456789"}}, {"model": "restaurant.customer", "pk": "dc8c1762e98f427191073f5e4a068a57", "fields": {"user": "c65c0fb1cf984aa1a1b8af783e7b52c9", "address": "sss@gmail.com", "phone": "0763671496"}}, {"model": "restaurant.customer", "pk": "e7f6c58527ad4043b3ae6b8bf4df08f6", "fields": {"user": "0413ff1c2b69480886cefd41eceec037", "address": "No address provided", "phone": "1111111111"}}, {"model": "restaurant.customer", "pk": "f399a8b3cf1a4ca88bf2a08994472153", "fields": {"user": "efa67ee42ede4e46b20451814c770bef", "address": "admin22@gmail.com", "phone": "1233456789"}}, {"model": "restaurant.customer", "pk": "f647c66d4c4c4859bcbfa21e61df8e98", "fields": {"user": "bba07d4ad39a4bdb8fa8ba1eb8d6a589", "address": "No address provided", "phone": "89698698698"}}, {"model": "restaurant.customer", "pk": "fe8833d5ea394cb9ab17ec5f7c8c1d51", "fields": {"user": "bba07d4ad39a4bdb8fa8ba1eb8d6a589", "address": "aaa", "phone": "1223332333331"}}, {"model": "restaurant.mytable", "pk": "77e8a4bb70cd49b6896f5b4bfe6011cd", "fields": {"restaurant": "b8ed477ae1824394b6e788d114d3e03c", "table_number": "4", "capacity": 7, "status": "available"}}, {"model": "restaurant.mytable", "pk": "94c94cba1a944496a0bede5e5ce77ac9", "fields": {"restaurant": "b8ed477ae1824394b6e788d114d3e03c", "table_number": "1", "capacity": 7, "status": "available"}}, {"model": "restaurant.mytable", "pk": "a66512d538904367bca39f3442ca3675", "fields": {"restaurant": "b8ed477ae1824394b6e788d114d3e03c", "table_number": "2", "capacity": 7, "status": "available"}}, {"model": "restaurant.mytable", "pk": "dc12d87fa319413c9ede14a368828c25", "fields": {"restaurant": "b8ed477ae1824394b6e788d114d3e03c", "table_number": "5", "capacity": 7, "status": "available"}}, {"model": "restaurant.mytable", "pk": "e7185c20cd9b44f3871e95745f420a92", "fields": {"restaurant": "b8ed477ae1824394b6e788d114d3e03c", "table_number": "3", "capacity": 7, "status": "available"}}, {"model": "restaurant.booking", "pk": "946bcf8c3d7b4dae8964f67283eee2de", "fields": {"customer": "e7f6c58527ad4043b3ae6b8bf4df08f6", "table": "77e8a4bb70cd49b6896f5b4bfe6011cd", "booking_code": "c19bd1f9-b7ea-4a7b-b600-1aaa158bdbd6", "booking_date": "2024-05-07", "booking_time": "11:12", "duration": 60, "number_of_guests": 1, "booking_status": "Pending", "special_requests": "pickup-order", "total_price": "20.85", "tax": 0, "booking_end_time": "23:59:59"}}, {"model": "restaurant.booking", "pk": "be0dbf65b8d54244a86bd1b32f70136f", "fields": {"customer": "e7f6c58527ad4043b3ae6b8bf4df08f6", "table": "77e8a4bb70cd49b6896f5b4bfe6011cd", "booking_code": "6015acd6-a450-4f6e-bd96-ebeb967e7084", "booking_date": "2024-05-07", "booking_time": "11:12", "duration": 60, "number_of_guests": 1, "booking_status": "Pending", "special_requests": "pickup-order", "total_price": "0.00", "tax": 0, "booking_end_time": "23:59:59"}}, {"model": "restaurant.menu", "pk": "79aca22c66cd4964812ae9c6af38098b", "fields": {"restaurant": "b8ed477ae1824394b6e788d114d3e03c", "name": "Menu", "description": "Check Our Tasty Menu"}}, {"model": "restaurant.category", "pk": "4419c1073f23469fad24d6b0ddbac4cb", "fields": {"translation": "ea24d0e4140048c0a1651fe2a96272a0", "filter_code": "filter-mains", "menu_id": "79aca22c66cd4964812ae9c6af38098b", "name": "MAINS"}}, {"model": "restaurant.category", "pk": "767167f57ecd484fabf79b5ca23f2ed3", "fields": {"translation": "ea24d0e4140048c0a1651fe2a96272a0", "filter_code": "filter-desserts", "menu_id": "79aca22c66cd4964812ae9c6af38098b", "name": "DESSERTS"}}, {"model": "restaurant.category", "pk": "c7decc5c8a1c4b3d8f442fe7796b3bb8", "fields": {"translation": "ea24d0e4140048c0a1651fe2a96272a0", "filter_code": "filter-small-bites", "menu_id": "79aca22c66cd4964812ae9c6af38098b", "name": "SMALL BITES"}}, {"model": "restaurant.categorysub", "pk": "7526d1754cf54edeb568eaa3458dfa27", "fields": {"translation": "ea24d0e4140048c0a1651fe2a96272a0", "category_id": "4419c1073f23469fad24d6b0ddbac4cb", "name": "RICE"}}, {"model": "restaurant.categorysub", "pk": "8d6222df6a5c44b1b929cf04ea98a983", "fields": {"translation": "ea24d0e4140048c0a1651fe2a96272a0", "category_id": "4419c1073f23469fad24d6b0ddbac4cb", "name": "VERMICELLI NOODLES"}}, {"model": "restaurant.categorysub", "pk": "ab5c5b89d5064c44aaadf171b3b3ac2d", "fields": {"translation": "ea24d0e4140048c0a1651fe2a96272a0", "category_id": "4419c1073f23469fad24d6b0ddbac4cb", "name": "RICE NOODLE SOUP"}}, {"model": "restaurant.food", "pk": "01f679d2f933480cbc709e036a963f5f", "fields": {"translation_id": "ea24d0e4140048c0a1651fe2a96272a0", "category": "4419c1073f23469fad24d6b0ddbac4cb", "category_sub": "ab5c5b89d5064c44aaadf171b3b3ac2d", "name": "Short Beef Rib Pho", "description": "Tender short beef rib slow cooked in our 24-hour beef broth", "price": "12.95", "image": "food/shortbeefribsoup.jpg", "availability": "available"}}, {"model": "restaurant.food", "pk": "026f8139488747168a8f4db1acc59e98", "fields": {"translation_id": "ea24d0e4140048c0a1651fe2a96272a0", "category": "767167f57ecd484fabf79b5ca23f2ed3", "category_sub": null, "name": "Banana Fritters", "description": "Served with vanilla ice cream", "price": "5.95", "image": "food/vietnamesefritters.jpg", "availability": "available"}}, {"model": "restaurant.food", "pk": "102fdc7090244b75a9570f341b01ec2e", "fields": {"translation_id": "ea24d0e4140048c0a1651fe2a96272a0", "category": "c7decc5c8a1c4b3d8f442fe7796b3bb8", "category_sub": null, "name": "Summer Rolls", "description": "Vietnamese flavours wrapped in soft rice paper. Served with a choice of peanut sauce or nuoc cham. Choose from:\r\nA - Prawns \r\nB - Pork\r\nC - Prawns & Pork", "price": "6.95", "image": "food/summerrolls.jpg", "availability": "available"}}, {"model": "restaurant.food", "pk": "15311de441774b3daa655e91335ce106", "fields": {"translation_id": "ea24d0e4140048c0a1651fe2a96272a0", "category": "4419c1073f23469fad24d6b0ddbac4cb", "category_sub": "ab5c5b89d5064c44aaadf171b3b3ac2d", "name": "Vegetarian Pho VG", "description": "Fragrant vegetable broth prepared daily", "price": "12.25", "image": "food/photo1714614297.jpeg", "availability": "available"}}, {"model": "restaurant.food", "pk": "1a6697405f3b4a89a05d4f2b81445d8c", "fields": {"translation_id": "ea24d0e4140048c0a1651fe2a96272a0", "category": "767167f57ecd484fabf79b5ca23f2ed3", "category_sub": null, "name": "Vietnamese Fruit Cocktail", "description": "A refreshing Vietnamese dessert made of fruits, jellies and coconut milk", "price": "6.95", "image": "food/vietnamesefruitcocktail.jpg", "availability": "available"}}, {"model": "restaurant.food", "pk": "259d21ae26304b62b933a115bf95e598", "fields": {"translation_id": "ea24d0e4140048c0a1651fe2a96272a0", "category": "4419c1073f23469fad24d6b0ddbac4cb", "category_sub": null, "name": "Vegetarian Baguette", "description": "Vietnamese baguette with fried tofu", "price": "8.75", "image": "food/vegetarianbaguette.jpg", "availability": "available"}}, {"model": "restaurant.food", "pk": "25a546cd2e444ff588e9efaf2a90d898", "fields": {"translation_id": "ea24d0e4140048c0a1651fe2a96272a0", "category": "4419c1073f23469fad24d6b0ddbac4cb", "category_sub": null, "name": "Vietnamese Baguette", "description": "Authentic Vietnamese baguette filled with pate, pickled veg and fresh herbs", "price": "8.95", "image": "food/vietnamesebaguette.jpg", "availability": "available"}}, {"model": "restaurant.food", "pk": "26405bc1e42544e5a511928181d5800e", "fields": {"translation_id": "ea24d0e4140048c0a1651fe2a96272a0", "category": "c7decc5c8a1c4b3d8f442fe7796b3bb8", "category_sub": null, "name": "Crispy Spring Rolls", "description": "Deep fried spring rolls with pork, prawn and chicken. Served on lettuce and herbs ready to wrap and dip", "price": "7.25", "image": "food/csripyspringrolls.jpg", "availability": "available"}}, {"model": "restaurant.food", "pk": "34922cdf82eb4333bce26822e8cc4fc6", "fields": {"translation_id": "ea24d0e4140048c0a1651fe2a96272a0", "category": "4419c1073f23469fad24d6b0ddbac4cb", "category_sub": "8d6222df6a5c44b1b929cf04ea98a983", "name": "Chargrilled Pork Vermicelli", "description": "Lemongrass chargrilled pork", "price": "12.75", "image": "food/chargrilledporkvermi.jpg", "availability": "available"}}, {"model": "restaurant.food", "pk": "3d35deab131e4d1988d3a509b0088605", "fields": {"translation_id": "ea24d0e4140048c0a1651fe2a96272a0", "category": "c7decc5c8a1c4b3d8f442fe7796b3bb8", "category_sub": null, "name": "Prawn and Sweet Potato Fritters", "description": "Crispy prawn fritters served with lettuce and herbs ready to wrap and dip", "price": "7.95", "image": "food/prawnandsweetpotato.jpg", "availability": "available"}}, {"model": "restaurant.food", "pk": "523eb82896774f229d11a6a7b75d12fc", "fields": {"translation_id": "ea24d0e4140048c0a1651fe2a96272a0", "category": "4419c1073f23469fad24d6b0ddbac4cb", "category_sub": null, "name": "Chargrilled Pork Baguette", "description": "Traditional Vietnamese baguette with lemongrass chargrilled pork", "price": "8.95", "image": "food/chargrilledporkbaguette.jpg", "availability": "available"}}, {"model": "restaurant.food", "pk": "54cdc53a9a7e47a99320658b452a2888", "fields": {"translation_id": "ea24d0e4140048c0a1651fe2a96272a0", "category": "4419c1073f23469fad24d6b0ddbac4cb", "category_sub": "ab5c5b89d5064c44aaadf171b3b3ac2d", "name": "Beef Pho Combo", "description": "Flank, steak, oxtail and rib", "price": "13.95", "image": "food/beefcombosoup.jpg", "availability": "available"}}, {"model": "restaurant.food", "pk": "5d8e5d4e292e4be1a09fe9341dd94273", "fields": {"translation_id": "ea24d0e4140048c0a1651fe2a96272a0", "category": "4419c1073f23469fad24d6b0ddbac4cb", "category_sub": "ab5c5b89d5064c44aaadf171b3b3ac2d", "name": "Beef Brisket Pho", "description": "Tender beef brisket slow cooked in our 24-hour beef broth", "price": "12.25", "image": "food/beefbrisketnoodlesoup.jpg", "availability": "available"}}, {"model": "restaurant.food", "pk": "6a005aa96ad042bebc4f9bb1f88b5688", "fields": {"translation_id": "ea24d0e4140048c0a1651fe2a96272a0", "category": "4419c1073f23469fad24d6b0ddbac4cb", "category_sub": null, "name": "Steak Baguette", "description": "Traditional Vietnamese beef steak baguette", "price": "8.95", "image": "food/vietnamesesteakbaguette.jpg", "availability": "available"}}, {"model": "restaurant.food", "pk": "6a216e2e614544299f1890445e463876", "fields": {"translation_id": "ea24d0e4140048c0a1651fe2a96272a0", "category": "4419c1073f23469fad24d6b0ddbac4cb", "category_sub": "8d6222df6a5c44b1b929cf04ea98a983", "name": "Crispy Spring Rolls Vermicelli", "description": "Deep fried pork and prawn spring rolls", "price": "12.75", "image": "food/crispyspringrollvermi.jpg", "availability": "available"}}, {"model": "restaurant.food", "pk": "8233fe77a66b42f588ea881ef1c1bd1f", "fields": {"translation_id": "ea24d0e4140048c0a1651fe2a96272a0", "category": "4419c1073f23469fad24d6b0ddbac4cb", "category_sub": "ab5c5b89d5064c44aaadf171b3b3ac2d", "name": "Medium Rare Steak Soup", "description": "Flash fried steak", "price": "12.95", "image": "food/mediumrraresteaksoup.jpg", "availability": "available"}}, {"model": "restaurant.food", "pk": "85d224f7f06a425cbdf765a5f3afda6b", "fields": {"translation_id": "ea24d0e4140048c0a1651fe2a96272a0", "category": "c7decc5c8a1c4b3d8f442fe7796b3bb8", "category_sub": null, "name": "Papaya Salad VG", "description": "Crunchy green papaya salad with crushed peanuts. Choose from:\r\n\r\nA - Vegetarian Papaya Salad\r\nB - Chicken Papaya Salad\r\nC - Prawn Papaya Salad", "price": "9.45", "image": "food/papayasallad.jpg", "availability": "available"}}, {"model": "restaurant.food", "pk": "881c7586cba24ee3bf2de2c0822afd87", "fields": {"translation_id": "ea24d0e4140048c0a1651fe2a96272a0", "category": "767167f57ecd484fabf79b5ca23f2ed3", "category_sub": null, "name": "Vanilla Ice Cream", "description": "3 scoops of Vanilla ice cream", "price": "3.95", "image": "food/vanillaicecream.jpg", "availability": "available"}}, {"model": "restaurant.food", "pk": "9573a57380ca4c6a8a8c878042546c78", "fields": {"translation_id": "ea24d0e4140048c0a1651fe2a96272a0", "category": "c7decc5c8a1c4b3d8f442fe7796b3bb8", "category_sub": null, "name": "Salt &  Pepper Chicken Wings", "description": "Flash pan-fried chicken wings, served with salt, pepper and lime dip", "price": "7.25", "image": "food/photo1714614283.jpeg", "availability": "available"}}, {"model": "restaurant.food", "pk": "989138e608324c299994967b9e2d31dd", "fields": {"translation_id": "ea24d0e4140048c0a1651fe2a96272a0", "category": "c7decc5c8a1c4b3d8f442fe7796b3bb8", "category_sub": null, "name": "Vegetarian Spring Rolls VG", "description": "Crispy vegetarian spring rolls served on a bed of lettuce and herbs ready to wrap and dip in our homemade\r\nvegetarian nuoc cham sauce", "price": "6.45", "image": "food/csripyspringrolls_EBEMz2L.jpg", "availability": "available"}}, {"model": "restaurant.food", "pk": "9f6fc5cee3574a6790c808827d6c7677", "fields": {"translation_id": "ea24d0e4140048c0a1651fe2a96272a0", "category": "4419c1073f23469fad24d6b0ddbac4cb", "category_sub": "7526d1754cf54edeb568eaa3458dfa27", "name": "Ginger Chicken Rice", "description": "Whole boneless chicken leg with boiled rice", "price": "12.75", "image": "food/photo1714614328.jpeg", "availability": "available"}}, {"model": "restaurant.food", "pk": "b664c1b787e340ad8d57387fdb730d8b", "fields": {"translation_id": "ea24d0e4140048c0a1651fe2a96272a0", "category": "c7decc5c8a1c4b3d8f442fe7796b3bb8", "category_sub": null, "name": "Square Crab Spring Rolls", "description": "Square crab spring rolls with prawn, crab and chicken. Served on lettuce and herbs ready to wrap and dip", "price": "7.45", "image": "food/squarecrabspringrolls.jpg", "availability": "available"}}, {"model": "restaurant.food", "pk": "c4e39ed077df4100845ff6f20d3c6e4a", "fields": {"translation_id": "ea24d0e4140048c0a1651fe2a96272a0", "category": "4419c1073f23469fad24d6b0ddbac4cb", "category_sub": null, "name": "Grilled Chicken Baguette", "description": "Tradition Vietnamese baguette with chicken", "price": "8.95", "image": "food/grilledchickenbaguette.jpg", "availability": "available"}}, {"model": "restaurant.food", "pk": "d8d3b2a4f3b045c68e1e0a84b4abadd8", "fields": {"translation_id": "ea24d0e4140048c0a1651fe2a96272a0", "category": "4419c1073f23469fad24d6b0ddbac4cb", "category_sub": "ab5c5b89d5064c44aaadf171b3b3ac2d", "name": "Oxtail and Rib Soup", "description": "Tender pieces of oxtail and short beef rib slow cooked in our 24-hour beef broth\r\nChoice of oxtail on the bone or off the bone", "price": "13.95", "image": "food/oxtailandribsoup.jpg", "availability": "available"}}, {"model": "restaurant.food", "pk": "d9daef939fe543bea89f0c351087ad5d", "fields": {"translation_id": "ea24d0e4140048c0a1651fe2a96272a0", "category": "4419c1073f23469fad24d6b0ddbac4cb", "category_sub": "ab5c5b89d5064c44aaadf171b3b3ac2d", "name": "Chicken Pho", "description": "Light yet flavourful chicken broth slow cooked\r\nwith a combination of herbs and spices. Choose from:\r\nA - Leg\r\nB - Breast \r\nC - Leg & Breast", "price": "13.95", "image": "food/chickphosoup.jpg", "availability": "available"}}, {"model": "restaurant.food", "pk": "e22f2421baa24bd5a61fd036b1b7eeb4", "fields": {"translation_id": "ea24d0e4140048c0a1651fe2a96272a0", "category": "4419c1073f23469fad24d6b0ddbac4cb", "category_sub": "8d6222df6a5c44b1b929cf04ea98a983", "name": "Square Crab Spring Rolls Vermicelli", "description": "Crispy square spring rolls with prawns, chicken and crab", "price": "12.95", "image": "food/photo1714614311.jpeg", "availability": "available"}}, {"model": "restaurant.food", "pk": "ebf18027e3b444239ebcba84949bf019", "fields": {"translation_id": "ea24d0e4140048c0a1651fe2a96272a0", "category": "4419c1073f23469fad24d6b0ddbac4cb", "category_sub": "7526d1754cf54edeb568eaa3458dfa27", "name": "Chargrilled Pork Rice", "description": "Lemongrass chargrilled pork with boiled rice", "price": "12.75", "image": "food/chargrilledporkrice.jpg", "availability": "available"}}, {"model": "restaurant.food", "pk": "f32328ab4c374932a211b964dd87e370", "fields": {"translation_id": "ea24d0e4140048c0a1651fe2a96272a0", "category": "4419c1073f23469fad24d6b0ddbac4cb", "category_sub": null, "name": "Vietnamese Pork Sausage and Fried Egg Baguette", "description": "Vietnamese style pork roll with fried egg", "price": "8.95", "image": "food/vietnameseporksausageandfriedegg.jpg", "availability": "available"}}, {"model": "restaurant.food", "pk": "f83a024a9c414bdaa6a094f7bb86f469", "fields": {"translation_id": "ea24d0e4140048c0a1651fe2a96272a0", "category": "4419c1073f23469fad24d6b0ddbac4cb", "category_sub": "8d6222df6a5c44b1b929cf04ea98a983", "name": "Vegetarian Spring Rolls", "description": "Crispy vegetarian spring rolls", "price": "12.25", "image": "food/vegetarianspringrollvermi.jpg", "availability": "available"}}, {"model": "restaurant.food", "pk": "fde3f89f20ed4e289f8fc3d17d2a1380", "fields": {"translation_id": "ea24d0e4140048c0a1651fe2a96272a0", "category": "c7decc5c8a1c4b3d8f442fe7796b3bb8", "category_sub": null, "name": "Vegetarian Summer Rolls VG", "description": "Vietnamese flavours wrapped in soft rice paper", "price": "6.45", "image": "food/photo1714695546.jpeg", "availability": "unavailable"}}, {"model": "restaurant.foodsub", "pk": "44125486a06a448ebb250ee56be98f57", "fields": {"translation": "ea24d0e4140048c0a1651fe2a96272a0", "food": "f83a024a9c414bdaa6a094f7bb86f469", "name": "Chargrilled Pork or Crispy Spring Roll", "price": "1.95", "image": "food/extrachargrilledPorkOrCrispySPringRoll.jpg", "availability": "available"}}, {"model": "restaurant.foodsub", "pk": "4659c2c438ec415ab3876107baef2094", "fields": {"translation": "ea24d0e4140048c0a1651fe2a96272a0", "food": "f83a024a9c414bdaa6a094f7bb86f469", "name": "Square Crab Spring Roll", "price": "2.25", "image": "food/extrasquarecrabspringroll.jpg", "availability": "available"}}, {"model": "restaurant.foodsub", "pk": "5c8229e9f16f4d0390b7ce984316f377", "fields": {"translation": "ea24d0e4140048c0a1651fe2a96272a0", "food": "f83a024a9c414bdaa6a094f7bb86f469", "name": "Vegetarian Spring Rolls", "price": "1.75", "image": "food/extravegetarianspringrolls.jpg", "availability": "available"}}, {"model": "restaurant.bookingdetail", "pk": "de0e6d9f33244562a606ddf0b079527e", "fields": {"booking": "946bcf8c3d7b4dae8964f67283eee2de", "food": "102fdc7090244b75a9570f341b01ec2e", "quantity": 3, "price": "6.95", "food_sub": null, "food_sub_quantity": null, "food_sub_price": null, "deleted_at": null}}]
